Order-Number,Quantity-Ordered,Price-Each,Sales,City,State,Country,Year,Product-Code
10107,30,95.7,2871.0,NYC,NY,USA,2003,S10_1678
10145,45,83.26,3746.7,Pasadena,CA,USA,2003,S10_1678
10159,49,100.0,5205.27,San Francisco,CA,USA,2003,S10_1678
10168,36,96.66,3479.76,Burlingame,CA,USA,2003,S10_1678
10201,22,98.57,2168.54,San Francisco,CA,USA,2003,S10_1678
10223,37,100.0,3965.66,Melbourne,Victoria,Australia,2004,S10_1678
10237,23,100.0,2333.12,NYC,NY,USA,2004,S10_1678
10251,28,100.0,3188.64,Newark,NJ,USA,2004,S10_1678
10263,34,100.0,3676.76,Bridgewater,CT,USA,2004,S10_1678
10285,36,100.0,4099.68,Cambridge,MA,USA,2004,S10_1678
10318,46,94.74,4358.04,Allentown,PA,USA,2004,S10_1678
10329,42,100.0,4396.14,NYC,NY,USA,2004,S10_1678
10361,20,72.55,1451.0,Chatswood,NSW,Australia,2004,S10_1678
10388,42,76.36,3207.12,New Bedford,MA,USA,2005,S10_1678
10140,37,100.0,7374.1,Burlingame,CA,USA,2003,S10_1949
10163,21,100.0,4860.24,NYC,NY,USA,2003,S10_1949
10174,34,100.0,8014.82,South Brisbane,Queensland,Australia,2003,S10_1949
10183,23,100.0,5372.57,Philadelphia,PA,USA,2003,S10_1949
10206,47,100.0,9064.89,Vancouver,BC,Canada,2003,S10_1949
10215,35,100.0,6075.3,Burbank,CA,USA,2004,S10_1949
10228,29,100.0,6463.23,Cambridge,MA,USA,2004,S10_1949
10245,34,100.0,6120.34,New Haven,CT,USA,2004,S10_1949
10258,32,100.0,7680.64,Minato-ku,Tokyo,Japan,2004,S10_1949
10270,21,100.0,4905.39,Chatswood,NSW,Australia,2004,S10_1949
10312,48,100.0,11623.7,San Rafael,CA,USA,2004,S10_1949
10322,40,100.0,6000.4,Nashua,NH,USA,2004,S10_1949
10333,26,100.0,3003.0,San Francisco,CA,USA,2004,S10_1949
10347,30,100.0,3944.7,Melbourne,Victoria,Australia,2004,S10_1949
10357,32,100.0,5691.84,San Rafael,CA,USA,2004,S10_1949
10369,41,100.0,4514.92,Brickhaven,MA,USA,2005,S10_1949
10381,36,100.0,8254.8,San Francisco,CA,USA,2005,S10_1949
10391,24,100.0,2416.56,North Sydney,NSW,Australia,2005,S10_1949
10411,23,100.0,4140.23,Montreal,Quebec,Canada,2005,S10_1949
10107,39,99.91,3896.49,NYC,NY,USA,2003,S10_2016
10120,29,96.34,2793.86,Melbourne,Victoria,Australia,2003,S10_2016
10145,37,100.0,5192.95,Pasadena,CA,USA,2003,S10_2016
10159,37,100.0,5016.83,San Francisco,CA,USA,2003,S10_2016
10168,27,100.0,3660.93,Burlingame,CA,USA,2003,S10_2016
10201,24,100.0,3025.92,San Francisco,CA,USA,2003,S10_2016
10210,23,100.0,3009.09,Osaka,Osaka,Japan,2004,S10_2016
10223,47,100.0,5422.39,Melbourne,Victoria,Australia,2004,S10_2016
10236,22,100.0,2852.08,Philadelphia,PA,USA,2004,S10_2016
10251,44,100.0,5756.52,Newark,NJ,USA,2004,S10_2016
10263,40,100.0,4472.0,Bridgewater,CT,USA,2004,S10_2016
10285,47,100.0,6484.59,Cambridge,MA,USA,2004,S10_2016
10308,34,100.0,4043.96,White Plains,NY,USA,2004,S10_2016
10318,45,100.0,5566.5,Allentown,PA,USA,2004,S10_2016
10329,20,100.0,3176.0,NYC,NY,USA,2004,S10_2016
10339,40,68.92,2756.8,Minato-ku,Tokyo,Japan,2004,S10_2016
10361,26,51.15,1329.9,Chatswood,NSW,Australia,2004,S10_2016
10374,39,100.0,5288.01,South Brisbane,Queensland,Australia,2005,S10_2016
10388,50,44.51,2225.5,New Bedford,MA,USA,2005,S10_2016
10107,27,100.0,6065.55,NYC,NY,USA,2003,S10_4698
10120,46,100.0,9264.86,Melbourne,Victoria,Australia,2003,S10_4698
10145,33,100.0,5176.38,Pasadena,CA,USA,2003,S10_4698
10159,22,100.0,4132.7,San Francisco,CA,USA,2003,S10_4698
10168,20,100.0,4183.0,Burlingame,CA,USA,2003,S10_4698
10201,49,100.0,8065.89,San Francisco,CA,USA,2003,S10_4698
10210,34,100.0,6123.4,Osaka,Osaka,Japan,2004,S10_4698
10223,49,100.0,9774.03,Melbourne,Victoria,Australia,2004,S10_4698
10237,39,100.0,7023.9,NYC,NY,USA,2004,S10_4698
10251,43,100.0,7078.23,Newark,NJ,USA,2004,S10_4698
10263,41,100.0,8336.94,Bridgewater,CT,USA,2004,S10_4698
10285,27,100.0,5438.07,Cambridge,MA,USA,2004,S10_4698
10308,20,100.0,4570.4,White Plains,NY,USA,2004,S10_4698
10318,37,100.0,7667.14,Allentown,PA,USA,2004,S10_4698
10329,26,100.0,5868.2,NYC,NY,USA,2004,S10_4698
10339,39,76.67,2990.13,Minato-ku,Tokyo,Japan,2004,S10_4698
10362,22,100.0,3664.1,Burlingame,CA,USA,2005,S10_4698
10374,22,100.0,3834.38,South Brisbane,Queensland,Australia,2005,S10_4698
10388,21,86.77,1822.17,New Bedford,MA,USA,2005,S10_4698
10143,49,100.0,5597.76,New Bedford,MA,USA,2003,S10_4757
10209,39,100.0,5197.92,Los Angeles,CA,USA,2004,S10_4757
10222,49,100.0,5997.6,San Diego,CA,USA,2004,S10_4757
10248,20,100.0,2910.4,NYC,NY,USA,2004,S10_4757
10261,27,100.0,3378.24,Montreal,Quebec,Canada,2004,S10_4757
10283,25,100.0,2992.0,Tsawassen,BC,Canada,2004,S10_4757
10295,24,100.0,3427.2,Boston,MA,USA,2004,S10_4757
10307,22,100.0,2692.8,Philadelphia,PA,USA,2004,S10_4757
10316,33,100.0,4128.96,Cowes,Isle of Wight,UK,2004,S10_4757
10337,25,48.05,1201.25,NYC,NY,USA,2004,S10_4757
10384,34,100.0,4846.7,San Francisco,CA,USA,2005,S10_4757
10400,64,100.0,9661.44,San Jose,CA,USA,2005,S10_4757
10414,19,100.0,2764.88,Boston,MA,USA,2005,S10_4757
10140,26,100.0,3188.12,Burlingame,CA,USA,2003,S10_4962
10183,28,100.0,3433.36,Philadelphia,PA,USA,2003,S10_4962
10207,31,100.0,4076.19,Boston,MA,USA,2003,S10_4962
10229,50,100.0,6426.5,San Rafael,CA,USA,2004,S10_4962
10245,28,100.0,4591.72,New Haven,CT,USA,2004,S10_4962
10270,32,100.0,4302.08,Chatswood,NSW,Australia,2004,S10_4962
10281,44,100.0,7020.64,Allentown,PA,USA,2004,S10_4962
10305,38,100.0,6680.78,Cambridge,MA,USA,2004,S10_4962
10313,40,100.0,6678.0,Vancouver,BC,Canada,2004,S10_4962
10322,46,61.99,2851.54,Nashua,NH,USA,2004,S10_4962
10347,27,100.0,4428.0,Melbourne,Victoria,Australia,2004,S10_4962
10357,43,100.0,5780.92,San Rafael,CA,USA,2004,S10_4962
10370,35,65.63,2297.05,North Sydney,NSW,Australia,2005,S10_4962
10381,37,100.0,6231.54,San Francisco,CA,USA,2005,S10_4962
10391,37,46.9,1735.3,North Sydney,NSW,Australia,2005,S10_4962
10411,27,100.0,4427.73,Montreal,Quebec,Canada,2005,S10_4962
10135,42,100.0,8008.56,San Rafael,CA,USA,2003,S12_1099
10147,48,100.0,9245.76,Brickhaven,MA,USA,2003,S12_1099
10159,41,100.0,8296.35,San Francisco,CA,USA,2003,S12_1099
10169,30,100.0,5019.9,North Sydney,NSW,Australia,2003,S12_1099
10276,50,100.0,9631.0,Brickhaven,MA,USA,2004,S12_1099
10329,41,71.47,2930.27,NYC,NY,USA,2004,S12_1099
10127,46,100.0,11279.2,NYC,NY,USA,2003,S12_1108
10142,33,100.0,8023.29,San Rafael,CA,USA,2003,S12_1108
10185,21,100.0,3883.74,New Bedford,MA,USA,2003,S12_1108
10196,47,100.0,8887.7,New Haven,CT,USA,2003,S12_1108
10272,35,100.0,5818.4,Allentown,PA,USA,2004,S12_1108
10282,41,100.0,7071.27,San Rafael,CA,USA,2004,S12_1108
10371,32,100.0,3560.64,San Rafael,CA,USA,2005,S12_1108
10382,34,100.0,3823.64,San Rafael,CA,USA,2005,S12_1108
10413,36,100.0,8677.8,Bridgewater,CT,USA,2005,S12_1108
10113,21,100.0,3415.44,San Rafael,CA,USA,2003,S12_1666
10140,38,100.0,4829.8,Burlingame,CA,USA,2003,S12_1666
10174,43,100.0,6817.22,South Brisbane,Queensland,Australia,2003,S12_1666
10183,41,100.0,6163.94,Philadelphia,PA,USA,2003,S12_1666
10206,28,100.0,4056.36,Vancouver,BC,Canada,2003,S12_1666
10229,25,100.0,3451.0,San Rafael,CA,USA,2004,S12_1666
10245,38,100.0,5920.4,New Haven,CT,USA,2004,S12_1666
10258,41,100.0,6668.24,Minato-ku,Tokyo,Japan,2004,S12_1666
10270,28,100.0,4094.72,Chatswood,NSW,Australia,2004,S12_1666
10281,25,100.0,2938.5,Allentown,PA,USA,2004,S12_1666
10313,21,100.0,2669.1,Vancouver,BC,Canada,2004,S12_1666
10322,27,100.0,4784.13,Nashua,NH,USA,2004,S12_1666
10333,33,99.21,3273.93,San Francisco,CA,USA,2004,S12_1666
10347,29,100.0,3586.43,Melbourne,Victoria,Australia,2004,S12_1666
10357,49,100.0,5960.36,San Rafael,CA,USA,2004,S12_1666
10370,49,100.0,8470.14,North Sydney,NSW,Australia,2005,S12_1666
10381,20,100.0,2952.0,San Francisco,CA,USA,2005,S12_1666
10391,39,63.2,2464.8,North Sydney,NSW,Australia,2005,S12_1666
10411,40,100.0,6232.0,Montreal,Quebec,Canada,2005,S12_1666
10107,21,100.0,3036.6,NYC,NY,USA,2003,S12_2823
10145,49,100.0,8339.8,Pasadena,CA,USA,2003,S12_2823
10159,38,100.0,6238.84,San Francisco,CA,USA,2003,S12_2823
10169,35,100.0,4639.25,North Sydney,NSW,Australia,2003,S12_2823
10189,28,100.0,4512.48,Pasadena,CA,USA,2003,S12_2823
10201,25,100.0,4029.0,San Francisco,CA,USA,2003,S12_2823
10237,32,100.0,4193.28,NYC,NY,USA,2004,S12_2823
10251,46,100.0,7552.28,Newark,NJ,USA,2004,S12_2823
10263,48,100.0,6434.4,Bridgewater,CT,USA,2004,S12_2823
10276,43,100.0,5181.5,Brickhaven,MA,USA,2004,S12_2823
10285,49,100.0,6863.92,Cambridge,MA,USA,2004,S12_2823
10319,30,100.0,4111.8,NYC,NY,USA,2004,S12_2823
10329,24,100.0,3542.64,NYC,NY,USA,2004,S12_2823
10362,22,100.0,3877.06,Burlingame,CA,USA,2005,S12_2823
10388,44,100.0,5951.44,New Bedford,MA,USA,2005,S12_2823
10127,46,100.0,7366.44,NYC,NY,USA,2003,S12_3148
10142,33,100.0,4985.64,San Rafael,CA,USA,2003,S12_3148
10185,33,100.0,4038.21,New Bedford,MA,USA,2003,S12_3148
10196,24,100.0,3807.12,New Haven,CT,USA,2003,S12_3148
10272,27,100.0,4283.01,Allentown,PA,USA,2004,S12_3148
10282,27,100.0,4364.82,San Rafael,CA,USA,2004,S12_3148
10324,27,54.33,1466.91,NYC,NY,USA,2004,S12_3148
10372,40,100.0,5862.0,Minato-ku,Tokyo,Japan,2005,S12_3148
10382,37,100.0,4071.85,San Rafael,CA,USA,2005,S12_3148
10413,47,100.0,8236.75,Bridgewater,CT,USA,2005,S12_3148
10135,48,100.0,6031.68,San Rafael,CA,USA,2003,S12_3380
10147,31,100.0,3494.94,Brickhaven,MA,USA,2003,S12_3380
10160,46,100.0,5294.14,Los Angeles,CA,USA,2003,S12_3380
10276,47,100.0,5464.69,Brickhaven,MA,USA,2004,S12_3380
10329,46,83.63,3846.98,NYC,NY,USA,2004,S12_3380
10376,35,100.0,3987.2,Glendale,CA,USA,2005,S12_3380
10127,42,100.0,8138.76,NYC,NY,USA,2003,S12_3891
10142,46,100.0,9470.94,San Rafael,CA,USA,2003,S12_3891
10185,43,100.0,7886.2,New Bedford,MA,USA,2003,S12_3891
10196,38,100.0,7232.16,New Haven,CT,USA,2003,S12_3891
10272,39,100.0,7962.24,Allentown,PA,USA,2004,S12_3891
10282,24,100.0,3778.8,San Rafael,CA,USA,2004,S12_3891
10349,26,100.0,4408.56,NYC,NY,USA,2004,S12_3891
10372,34,100.0,5941.5,Minato-ku,Tokyo,Japan,2005,S12_3891
10382,34,95.35,3241.9,San Rafael,CA,USA,2005,S12_3891
10396,33,100.0,6109.29,San Rafael,CA,USA,2005,S12_3891
10413,22,100.0,3387.78,Bridgewater,CT,USA,2005,S12_3891
10135,24,75.01,1800.24,San Rafael,CA,USA,2003,S12_3990
10147,21,63.84,1340.64,Brickhaven,MA,USA,2003,S12_3990
10159,24,73.42,1762.08,San Francisco,CA,USA,2003,S12_3990
10169,36,63.84,2298.24,North Sydney,NSW,Australia,2003,S12_3990
10276,38,83.79,3184.02,Brickhaven,MA,USA,2004,S12_3990
10329,33,100.0,3607.56,NYC,NY,USA,2004,S12_3990
10115,46,100.0,5723.78,NYC,NY,USA,2003,S12_4473
10127,24,100.0,2559.6,NYC,NY,USA,2003,S12_4473
10195,49,100.0,6445.46,White Plains,NY,USA,2003,S12_4473
10207,34,99.54,3384.36,Boston,MA,USA,2003,S12_4473
10219,48,100.0,4891.68,Brisbane,CA,USA,2004,S12_4473
10229,36,100.0,4521.96,San Rafael,CA,USA,2004,S12_4473
10271,31,97.17,3012.27,San Rafael,CA,USA,2004,S12_4473
10281,41,100.0,5247.18,Allentown,PA,USA,2004,S12_4473
10292,21,100.0,2214.87,NYC,NY,USA,2004,S12_4473
10305,38,100.0,4773.18,Cambridge,MA,USA,2004,S12_4473
10324,26,58.38,1517.88,NYC,NY,USA,2004,S12_4473
10349,48,100.0,5232.96,NYC,NY,USA,2004,S12_4473
10371,49,35.71,1749.79,San Rafael,CA,USA,2005,S12_4473
10382,32,66.58,2130.56,San Rafael,CA,USA,2005,S12_4473
10135,29,97.89,2838.81,San Rafael,CA,USA,2003,S12_4675
10147,33,97.89,3230.37,Brickhaven,MA,USA,2003,S12_4675
10160,50,100.0,5182.0,Los Angeles,CA,USA,2003,S12_4675
10192,27,100.0,3544.56,Nashua,NH,USA,2003,S12_4675
10321,24,100.0,2984.88,New Bedford,MA,USA,2004,S12_4675
10329,39,64.74,2524.86,NYC,NY,USA,2004,S12_4675
10113,49,100.0,4916.66,San Rafael,CA,USA,2003,S18_1097
10140,32,100.0,4181.44,Burlingame,CA,USA,2003,S18_1097
10174,48,93.34,4480.32,South Brisbane,Queensland,Australia,2003,S18_1097
10183,21,96.84,2033.64,Philadelphia,PA,USA,2003,S18_1097
10206,34,100.0,3966.78,Vancouver,BC,Canada,2003,S18_1097
10215,46,100.0,5152.0,Burbank,CA,USA,2004,S18_1097
10228,32,100.0,3360.0,Cambridge,MA,USA,2004,S18_1097
10245,29,100.0,3451.0,New Haven,CT,USA,2004,S18_1097
10258,41,100.0,5453.0,Minato-ku,Tokyo,Japan,2004,S18_1097
10270,43,96.84,4164.12,Chatswood,NSW,Australia,2004,S18_1097
10312,32,100.0,4181.44,San Rafael,CA,USA,2004,S18_1097
10322,22,100.0,2251.04,Nashua,NH,USA,2004,S18_1097
10333,29,40.25,1167.25,San Francisco,CA,USA,2004,S18_1097
10347,42,49.6,2083.2,Melbourne,Victoria,Australia,2004,S18_1097
10357,39,98.0,3822.0,San Rafael,CA,USA,2004,S18_1097
10370,27,100.0,3911.49,North Sydney,NSW,Australia,2005,S18_1097
10381,48,98.0,4704.0,San Francisco,CA,USA,2005,S18_1097
10391,29,85.1,2467.9,North Sydney,NSW,Australia,2005,S18_1097
10411,27,100.0,3213.0,Montreal,Quebec,Canada,2005,S18_1097
10109,26,100.0,4379.18,Philadelphia,PA,USA,2003,S18_1129
10148,23,100.0,2702.04,North Sydney,NSW,Australia,2003,S18_1129
10171,35,100.0,4508.0,Montreal,Quebec,Canada,2003,S18_1129
10192,22,100.0,3300.66,Nashua,NH,USA,2003,S18_1129
10204,42,100.0,6182.4,NYC,NY,USA,2003,S18_1129
10240,41,100.0,5628.89,Osaka,Osaka,Japan,2004,S18_1129
10278,34,100.0,4667.86,Las Vegas,NV,USA,2004,S18_1129
10321,41,100.0,5803.14,New Bedford,MA,USA,2004,S18_1129
10331,46,100.0,6434.02,Philadelphia,PA,USA,2004,S18_1129
10342,40,100.0,6454.4,Melbourne,Victoria,Australia,2004,S18_1129
10365,30,87.06,2611.8,New Bedford,MA,USA,2005,S18_1129
10390,36,93.77,3375.72,San Rafael,CA,USA,2005,S18_1129
10102,39,100.0,4808.31,NYC,NY,USA,2003,S18_1342
10111,33,99.66,3288.78,San Francisco,CA,USA,2003,S18_1342
10125,32,100.0,3254.72,Melbourne,Victoria,Australia,2003,S18_1342
10139,31,100.0,3184.94,Chatswood,NSW,Australia,2003,S18_1342
10149,50,100.0,5907.5,Brisbane,CA,USA,2003,S18_1342
10162,48,91.44,4389.12,San Francisco,CA,USA,2003,S18_1342
10182,25,87.33,2183.25,San Rafael,CA,USA,2003,S18_1342
10193,28,100.0,3106.88,Glen Waverly,Victoria,Australia,2003,S18_1342
10215,27,89.38,2413.26,Burbank,CA,USA,2004,S18_1342
10312,43,89.38,3843.34,San Rafael,CA,USA,2004,S18_1342
10322,43,86.3,3710.9,Nashua,NH,USA,2004,S18_1342
10346,42,36.11,1516.62,Las Vegas,NV,USA,2004,S18_1342
10369,44,100.0,9240.44,Brickhaven,MA,USA,2005,S18_1342
10391,35,100.0,5548.9,North Sydney,NSW,Australia,2005,S18_1342
10422,51,95.55,4873.05,Allentown,PA,USA,2005,S18_1342
10102,41,50.14,2055.74,NYC,NY,USA,2003,S18_1367
10111,48,49.06,2354.88,San Francisco,CA,USA,2003,S18_1367
10139,49,43.13,2113.37,Chatswood,NSW,Australia,2003,S18_1367
10149,30,58.22,1746.6,Brisbane,CA,USA,2003,S18_1367
10162,45,51.21,2304.45,San Francisco,CA,USA,2003,S18_1367
10182,32,54.45,1742.4,San Rafael,CA,USA,2003,S18_1367
10193,46,53.37,2455.02,Glen Waverly,Victoria,Australia,2003,S18_1367
10215,33,43.13,1423.29,Burbank,CA,USA,2004,S18_1367
10312,25,44.21,1105.25,San Rafael,CA,USA,2004,S18_1367
10322,41,57.68,2364.88,Nashua,NH,USA,2004,S18_1367
10347,21,58.95,1237.95,Melbourne,Victoria,Australia,2004,S18_1367
10369,32,98.63,3156.16,Brickhaven,MA,USA,2005,S18_1367
10381,25,52.83,1320.75,San Francisco,CA,USA,2005,S18_1367
10391,42,100.0,4998.0,North Sydney,NSW,Australia,2005,S18_1367
10422,25,51.75,1293.75,Allentown,PA,USA,2005,S18_1367
10148,47,100.0,5848.68,North Sydney,NSW,Australia,2003,S18_1589
10172,42,100.0,4965.24,Bridgewater,CT,USA,2003,S18_1589
10192,29,100.0,4258.36,Nashua,NH,USA,2003,S18_1589
10204,40,100.0,4032.0,NYC,NY,USA,2003,S18_1589
10226,38,100.0,4161.38,San Diego,CA,USA,2004,S18_1589
10278,23,100.0,2604.52,Las Vegas,NV,USA,2004,S18_1589
10321,44,100.0,4489.76,New Bedford,MA,USA,2004,S18_1589
10331,44,100.0,4849.24,Philadelphia,PA,USA,2004,S18_1589
10367,49,56.3,2758.7,Pasadena,CA,USA,2005,S18_1589
10407,59,100.0,7048.14,San Jose,CA,USA,2005,S18_1589
10131,21,100.0,2781.66,Glendale,CT,USA,2003,S18_1662
10143,32,100.0,5248.0,New Bedford,MA,USA,2003,S18_1662
10210,31,100.0,5719.5,Osaka,Osaka,Japan,2004,S18_1662
10222,49,100.0,6954.08,San Diego,CA,USA,2004,S18_1662
10250,45,100.0,8160.3,San Jose,CA,USA,2004,S18_1662
10274,41,100.0,6724.0,Brickhaven,MA,USA,2004,S18_1662
10307,39,100.0,7379.97,Philadelphia,PA,USA,2004,S18_1662
10316,27,100.0,3704.13,Cowes,Isle of Wight,UK,2004,S18_1662
10400,34,100.0,6433.82,San Jose,CA,USA,2005,S18_1662
10100,30,100.0,5151.0,Nashua,NH,USA,2003,S18_1749
10124,21,100.0,2856.0,Las Vegas,NV,USA,2003,S18_1749
10149,34,100.0,5375.4,Brisbane,CA,USA,2003,S18_1749
10162,29,100.0,5176.5,San Francisco,CA,USA,2003,S18_1749
10182,44,100.0,7554.8,San Rafael,CA,USA,2003,S18_1749
10193,21,100.0,3141.6,Glen Waverly,Victoria,Australia,2003,S18_1749
10204,33,100.0,5890.5,NYC,NY,USA,2003,S18_1749
10312,48,100.0,8078.4,San Rafael,CA,USA,2004,S18_1749
10331,44,74.04,3257.76,Philadelphia,PA,USA,2004,S18_1749
10367,37,100.0,4703.81,Pasadena,CA,USA,2005,S18_1749
10407,76,100.0,14082.8,San Jose,CA,USA,2005,S18_1749
10420,37,100.0,5283.6,Chatswood,NSW,Australia,2005,S18_1749
10135,48,79.31,3806.88,San Rafael,CA,USA,2003,S18_1889
10147,26,82.39,2142.14,Brickhaven,MA,USA,2003,S18_1889
10160,38,88.55,3364.9,Los Angeles,CA,USA,2003,S18_1889
10192,45,90.86,4088.7,Nashua,NH,USA,2003,S18_1889
10278,29,90.86,2634.94,Las Vegas,NV,USA,2004,S18_1889
10321,37,78.54,2905.98,New Bedford,MA,USA,2004,S18_1889
10329,29,100.0,2954.81,NYC,NY,USA,2004,S18_1889
10342,55,65.45,3599.75,Melbourne,Victoria,Australia,2004,S18_1889
10109,38,100.0,4432.7,Philadelphia,PA,USA,2003,S18_1984
10148,25,100.0,4232.0,North Sydney,NSW,Australia,2003,S18_1984
10171,35,100.0,4680.2,Montreal,Quebec,Canada,2003,S18_1984
10192,47,100.0,7421.3,Nashua,NH,USA,2003,S18_1984
10204,38,100.0,6432.64,NYC,NY,USA,2003,S18_1984
10226,24,100.0,3892.08,San Diego,CA,USA,2004,S18_1984
10240,37,100.0,5526.32,Osaka,Osaka,Japan,2004,S18_1984
10278,29,100.0,3754.05,Las Vegas,NV,USA,2004,S18_1984
10321,25,100.0,3734.0,New Bedford,MA,USA,2004,S18_1984
10331,30,32.47,974.1,Philadelphia,PA,USA,2004,S18_1984
10342,22,100.0,3160.74,Melbourne,Victoria,Australia,2004,S18_1984
10390,34,43.05,1463.7,San Rafael,CA,USA,2005,S18_1984
10115,46,100.0,7381.16,NYC,NY,USA,2003,S18_2238
10127,45,100.0,7146.9,NYC,NY,USA,2003,S18_2238
10195,27,100.0,5128.11,White Plains,NY,USA,2003,S18_2238
10207,44,100.0,7060.24,Boston,MA,USA,2003,S18_2238
10219,43,100.0,8448.64,Brisbane,CA,USA,2004,S18_2238
10271,50,100.0,9169.0,San Rafael,CA,USA,2004,S18_2238
10282,23,100.0,3238.63,San Rafael,CA,USA,2004,S18_2238
10292,26,100.0,4554.94,NYC,NY,USA,2004,S18_2238
10305,27,100.0,3934.44,Cambridge,MA,USA,2004,S18_2238
10324,47,100.0,7207.45,NYC,NY,USA,2004,S18_2238
10349,38,100.0,6719.54,NYC,NY,USA,2004,S18_2238
10371,25,100.0,2602.25,San Rafael,CA,USA,2005,S18_2238
10382,25,88.0,2200.0,San Rafael,CA,USA,2005,S18_2238
10100,50,67.8,3390.0,Nashua,NH,USA,2003,S18_2248
10124,42,53.88,2262.96,Las Vegas,NV,USA,2003,S18_2248
10149,24,62.36,1496.64,Brisbane,CA,USA,2003,S18_2248
10162,27,69.62,1879.74,San Francisco,CA,USA,2003,S18_2248
10182,38,61.15,2323.7,San Rafael,CA,USA,2003,S18_2248
10193,42,59.33,2491.86,Glen Waverly,Victoria,Australia,2003,S18_2248
10204,23,71.44,1643.12,NYC,NY,USA,2003,S18_2248
10312,30,61.15,1834.5,San Rafael,CA,USA,2004,S18_2248
10367,45,100.0,8884.8,Pasadena,CA,USA,2005,S18_2248
10407,42,72.65,3051.3,San Jose,CA,USA,2005,S18_2248
10420,36,63.57,2288.52,Chatswood,NSW,Australia,2005,S18_2248
10127,45,100.0,6295.95,NYC,NY,USA,2003,S18_2319
10195,35,100.0,3608.15,White Plains,NY,USA,2003,S18_2319
10207,43,100.0,5752.54,Boston,MA,USA,2003,S18_2319
10229,26,100.0,3765.32,San Rafael,CA,USA,2004,S18_2319
10271,50,100.0,5093.5,San Rafael,CA,USA,2004,S18_2319
10281,48,100.0,5773.44,Allentown,PA,USA,2004,S18_2319
10292,41,100.0,4528.86,NYC,NY,USA,2004,S18_2319
10305,36,100.0,4816.08,Cambridge,MA,USA,2004,S18_2319
10313,29,100.0,3416.78,Vancouver,BC,Canada,2004,S18_2319
10324,33,37.48,1236.84,NYC,NY,USA,2004,S18_2319
10349,38,100.0,5223.48,NYC,NY,USA,2004,S18_2319
10370,22,100.0,3949.0,North Sydney,NSW,Australia,2005,S18_2319
10124,42,100.0,4431.84,Las Vegas,NV,USA,2003,S18_2325
10149,33,100.0,4950.33,Brisbane,CA,USA,2003,S18_2325
10162,38,100.0,4299.7,San Francisco,CA,USA,2003,S18_2325
10182,20,100.0,2212.0,San Rafael,CA,USA,2003,S18_2325
10193,44,100.0,4642.88,Glen Waverly,Victoria,Australia,2003,S18_2325
10204,26,100.0,3206.32,NYC,NY,USA,2003,S18_2325
10243,47,100.0,6154.18,Boston,MA,USA,2004,S18_2325
10312,31,100.0,4729.36,San Rafael,CA,USA,2004,S18_2325
10322,50,100.0,12536.5,Nashua,NH,USA,2004,S18_2325
10367,27,100.0,4196.07,Pasadena,CA,USA,2005,S18_2325
10390,31,98.99,3068.69,San Rafael,CA,USA,2005,S18_2325
10420,45,100.0,4977.0,Chatswood,NSW,Australia,2005,S18_2325
10140,46,61.99,2851.54,Burlingame,CA,USA,2003,S18_2432
10207,37,69.89,2585.93,Boston,MA,USA,2003,S18_2432
10229,28,59.55,1667.4,San Rafael,CA,USA,2004,S18_2432
10271,25,69.28,1732.0,San Rafael,CA,USA,2004,S18_2432
10281,29,57.73,1674.17,Allentown,PA,USA,2004,S18_2432
10305,41,53.48,2192.68,Cambridge,MA,USA,2004,S18_2432
10313,34,52.87,1797.58,Vancouver,BC,Canada,2004,S18_2432
10322,35,61.21,2142.35,Nashua,NH,USA,2004,S18_2432
10347,50,100.0,6834.5,Melbourne,Victoria,Australia,2004,S18_2432
10357,41,61.99,2541.59,San Rafael,CA,USA,2004,S18_2432
10370,22,96.86,2130.92,North Sydney,NSW,Australia,2005,S18_2432
10381,35,48.62,1701.7,San Francisco,CA,USA,2005,S18_2432
10391,44,38.5,1694.0,North Sydney,NSW,Australia,2005,S18_2432
10120,29,71.81,2082.49,Melbourne,Victoria,Australia,2003,S18_2581
10145,30,85.32,2559.6,Pasadena,CA,USA,2003,S18_2581
10168,21,70.96,1490.16,Burlingame,CA,USA,2003,S18_2581
10210,50,76.88,3844.0,Osaka,Osaka,Japan,2004,S18_2581
10223,47,100.0,4724.91,Melbourne,Victoria,Australia,2004,S18_2581
10235,24,76.03,1824.72,Tsawassen,BC,Canada,2004,S18_2581
10250,27,98.84,2668.68,San Jose,CA,USA,2004,S18_2581
10263,33,86.17,2843.61,Bridgewater,CT,USA,2004,S18_2581
10308,27,82.79,2235.33,White Plains,NY,USA,2004,S18_2581
10318,31,100.0,3116.43,Allentown,PA,USA,2004,S18_2581
10339,27,100.0,2810.7,Minato-ku,Tokyo,Japan,2004,S18_2581
10353,27,100.0,3515.67,Glendale,CT,USA,2004,S18_2581
10374,42,69.27,2909.34,South Brisbane,Queensland,Australia,2005,S18_2581
10401,42,76.03,3193.26,Newark,NJ,USA,2005,S18_2581
10107,29,70.87,2055.23,NYC,NY,USA,2003,S18_2625
10120,46,58.15,2674.9,Melbourne,Victoria,Australia,2003,S18_2625
10145,30,49.67,1490.1,Pasadena,CA,USA,2003,S18_2625
10159,42,51.48,2162.16,San Francisco,CA,USA,2003,S18_2625
10168,46,61.18,2814.28,Burlingame,CA,USA,2003,S18_2625
10201,30,64.81,1944.3,San Francisco,CA,USA,2003,S18_2625
10210,40,49.67,1986.8,Osaka,Osaka,Japan,2004,S18_2625
10223,28,60.57,1695.96,Melbourne,Victoria,Australia,2004,S18_2625
10236,23,55.72,1281.56,Philadelphia,PA,USA,2004,S18_2625
10251,29,61.18,1774.22,Newark,NJ,USA,2004,S18_2625
10263,34,58.75,1997.5,Bridgewater,CT,USA,2004,S18_2625
10285,20,49.06,981.2,Cambridge,MA,USA,2004,S18_2625
10308,34,52.09,1771.06,White Plains,NY,USA,2004,S18_2625
10318,42,52.7,2213.4,Allentown,PA,USA,2004,S18_2625
10329,38,100.0,5266.04,NYC,NY,USA,2004,S18_2625
10339,30,62.16,1864.8,Minato-ku,Tokyo,Japan,2004,S18_2625
10362,23,49.67,1142.41,Burlingame,CA,USA,2005,S18_2625
10374,22,53.3,1172.6,South Brisbane,Queensland,Australia,2005,S18_2625
10125,34,100.0,6483.46,Melbourne,Victoria,Australia,2003,S18_2795
10139,41,100.0,7956.46,Chatswood,NSW,Australia,2003,S18_2795
10149,23,100.0,4230.62,Brisbane,CA,USA,2003,S18_2795
10162,48,100.0,7209.12,San Francisco,CA,USA,2003,S18_2795
10182,21,100.0,3047.73,San Rafael,CA,USA,2003,S18_2795
10193,22,100.0,3675.32,Glen Waverly,Victoria,Australia,2003,S18_2795
10312,25,100.0,3881.25,San Rafael,CA,USA,2004,S18_2795
10322,36,100.0,5797.44,Nashua,NH,USA,2004,S18_2795
10347,21,100.0,4815.3,Melbourne,Victoria,Australia,2004,S18_2795
10367,32,94.79,3033.28,Pasadena,CA,USA,2005,S18_2795
10390,26,78.11,2030.86,San Rafael,CA,USA,2005,S18_2795
10421,35,100.0,5433.75,San Rafael,CA,USA,2005,S18_2795
10109,26,100.0,3157.44,Philadelphia,PA,USA,2003,S18_2870
10148,27,100.0,3528.36,North Sydney,NSW,Australia,2003,S18_2870
10172,39,100.0,6023.16,Bridgewater,CT,USA,2003,S18_2870
10192,38,100.0,4965.84,Nashua,NH,USA,2003,S18_2870
10204,27,100.0,4169.88,NYC,NY,USA,2003,S18_2870
10226,24,100.0,3231.36,San Diego,CA,USA,2004,S18_2870
10278,39,100.0,4324.32,Las Vegas,NV,USA,2004,S18_2870
10321,27,100.0,2851.2,New Bedford,MA,USA,2004,S18_2870
10331,26,64.9,1687.4,Philadelphia,PA,USA,2004,S18_2870
10407,41,100.0,6386.16,San Jose,CA,USA,2005,S18_2870
10139,46,100.0,5545.76,Chatswood,NSW,Australia,2003,S18_2949
10163,31,100.0,3329.09,NYC,NY,USA,2003,S18_2949
10174,46,100.0,5592.22,South Brisbane,Queensland,Australia,2003,S18_2949
10183,37,89.15,3298.55,Philadelphia,PA,USA,2003,S18_2949
10193,28,93.21,2609.88,Glen Waverly,Victoria,Australia,2003,S18_2949
10206,37,90.17,3336.29,Vancouver,BC,Canada,2003,S18_2949
10215,49,100.0,5510.05,Burbank,CA,USA,2004,S18_2949
10228,24,100.0,2504.4,Cambridge,MA,USA,2004,S18_2949
10257,50,88.14,4407.0,San Jose,CA,USA,2004,S18_2949
10270,31,96.24,2983.44,Chatswood,NSW,Australia,2004,S18_2949
10312,37,100.0,3711.1,San Rafael,CA,USA,2004,S18_2949
10322,33,100.0,3524.73,Nashua,NH,USA,2004,S18_2949
10333,31,90.17,2795.27,San Francisco,CA,USA,2004,S18_2949
10347,48,100.0,4814.4,Melbourne,Victoria,Australia,2004,S18_2949
10357,41,87.13,3572.33,San Rafael,CA,USA,2004,S18_2949
10369,42,100.0,4581.36,Brickhaven,MA,USA,2005,S18_2949
10381,41,100.0,4319.76,San Francisco,CA,USA,2005,S18_2949
10391,32,45.25,1448.0,North Sydney,NSW,Australia,2005,S18_2949
10111,28,64.33,1801.24,San Francisco,CA,USA,2003,S18_2957
10139,20,71.2,1424.0,Chatswood,NSW,Australia,2003,S18_2957
10163,48,69.96,3358.08,NYC,NY,USA,2003,S18_2957
10183,39,68.08,2655.12,Philadelphia,PA,USA,2003,S18_2957
10193,24,51.84,1244.16,Glen Waverly,Victoria,Australia,2003,S18_2957
10206,28,67.46,1888.88,Vancouver,BC,Canada,2003,S18_2957
10215,31,58.71,1820.01,Burbank,CA,USA,2004,S18_2957
10228,45,63.71,2866.95,Cambridge,MA,USA,2004,S18_2957
10257,49,53.72,2632.28,San Jose,CA,USA,2004,S18_2957
10312,35,53.72,1880.2,San Rafael,CA,USA,2004,S18_2957
10322,41,29.87,1224.67,Nashua,NH,USA,2004,S18_2957
10347,34,64.96,2208.64,Melbourne,Victoria,Australia,2004,S18_2957
10357,49,70.58,3458.42,San Rafael,CA,USA,2004,S18_2957
10369,28,44.21,1237.88,Brickhaven,MA,USA,2005,S18_2957
10381,40,68.08,2723.2,San Francisco,CA,USA,2005,S18_2957
10130,40,96.34,3853.6,Brickhaven,MA,USA,2003,S18_3029
10143,46,74.84,3442.64,New Bedford,MA,USA,2003,S18_3029
10209,28,100.0,2817.92,Los Angeles,CA,USA,2004,S18_3029
10222,49,94.62,4636.38,San Diego,CA,USA,2004,S18_3029
10248,21,73.98,1553.58,NYC,NY,USA,2004,S18_3029
10283,21,98.06,2059.26,Tsawassen,BC,Canada,2004,S18_3029
10307,31,83.44,2586.64,Philadelphia,PA,USA,2004,S18_3029
10316,21,94.62,1987.02,Cowes,Isle of Wight,UK,2004,S18_3029
10400,30,74.84,2245.2,San Jose,CA,USA,2005,S18_3029
10414,44,73.98,3255.12,Boston,MA,USA,2005,S18_3029
10111,43,100.0,4818.15,San Francisco,CA,USA,2003,S18_3136
10139,20,90.06,1801.2,Chatswood,NSW,Australia,2003,S18_3136
10163,40,100.0,4900.8,NYC,NY,USA,2003,S18_3136
10183,22,100.0,2488.2,Philadelphia,PA,USA,2003,S18_3136
10193,23,100.0,2769.89,Glen Waverly,Victoria,Australia,2003,S18_3136
10206,30,100.0,3581.4,Vancouver,BC,Canada,2003,S18_3136
10215,49,100.0,5285.14,Burbank,CA,USA,2004,S18_3136
10228,31,100.0,3181.53,Cambridge,MA,USA,2004,S18_3136
10257,37,84.82,3138.34,San Jose,CA,USA,2004,S18_3136
10270,38,100.0,4775.08,Chatswood,NSW,Australia,2004,S18_3136
10312,38,100.0,4457.02,San Rafael,CA,USA,2004,S18_3136
10322,48,47.04,2257.92,Nashua,NH,USA,2004,S18_3136
10347,45,100.0,4948.2,Melbourne,Victoria,Australia,2004,S18_3136
10357,44,100.0,5160.76,San Rafael,CA,USA,2004,S18_3136
10369,21,94.22,1978.62,Brickhaven,MA,USA,2005,S18_3136
10381,35,100.0,4288.2,San Francisco,CA,USA,2005,S18_3136
10142,47,100.0,6034.33,San Rafael,CA,USA,2003,S18_3140
10166,43,100.0,6930.74,New Bedford,MA,USA,2003,S18_3140
10185,28,100.0,3442.04,New Bedford,MA,USA,2003,S18_3140
10196,49,100.0,6893.81,New Haven,CT,USA,2003,S18_3140
10232,22,100.0,3606.02,Cowes,Isle of Wight,UK,2004,S18_3140
10248,32,100.0,3802.56,NYC,NY,USA,2004,S18_3140
10282,43,100.0,6695.53,San Rafael,CA,USA,2004,S18_3140
10372,28,100.0,3862.88,Minato-ku,Tokyo,Japan,2005,S18_3140
10396,33,100.0,5273.73,San Rafael,CA,USA,2005,S18_3140
10414,41,100.0,4872.03,Boston,MA,USA,2005,S18_3140
10109,46,100.0,8257.0,Philadelphia,PA,USA,2003,S18_3232
10127,22,100.0,3837.24,NYC,NY,USA,2003,S18_3232
10148,32,100.0,5418.88,North Sydney,NSW,Australia,2003,S18_3232
10160,20,100.0,3996.4,Los Angeles,CA,USA,2003,S18_3232
10171,39,100.0,5481.45,Montreal,Quebec,Canada,2003,S18_3232
10192,26,100.0,3918.46,Nashua,NH,USA,2003,S18_3232
10195,50,100.0,7620.5,White Plains,NY,USA,2003,S18_3232
10207,25,100.0,3937.25,Boston,MA,USA,2003,S18_3232
10229,22,100.0,4172.52,San Rafael,CA,USA,2004,S18_3232
10271,20,100.0,3928.6,San Rafael,CA,USA,2004,S18_3232
10278,42,100.0,6401.22,Las Vegas,NV,USA,2004,S18_3232
10281,25,100.0,4191.25,Allentown,PA,USA,2004,S18_3232
10292,21,100.0,2844.87,NYC,NY,USA,2004,S18_3232
10305,37,100.0,7455.87,Cambridge,MA,USA,2004,S18_3232
10313,25,100.0,4572.25,Vancouver,BC,Canada,2004,S18_3232
10321,33,100.0,5700.09,New Bedford,MA,USA,2004,S18_3232
10324,27,100.0,3155.49,NYC,NY,USA,2004,S18_3232
10331,27,100.0,4170.69,Philadelphia,PA,USA,2004,S18_3232
10342,30,100.0,5029.5,Melbourne,Victoria,Australia,2004,S18_3232
10349,48,100.0,7396.8,NYC,NY,USA,2004,S18_3232
10370,27,56.85,1534.95,North Sydney,NSW,Australia,2005,S18_3232
10142,22,97.81,2151.82,San Rafael,CA,USA,2003,S18_3259
10185,49,80.67,3952.83,New Bedford,MA,USA,2003,S18_3259
10196,35,100.0,3564.75,New Haven,CT,USA,2003,S18_3259
10232,48,95.8,4598.4,Cowes,Isle of Wight,UK,2004,S18_3259
10248,42,100.0,5082.42,NYC,NY,USA,2004,S18_3259
10282,36,100.0,4174.92,San Rafael,CA,USA,2004,S18_3259
10372,25,84.71,2117.75,Minato-ku,Tokyo,Japan,2005,S18_3259
10396,24,89.75,2154.0,San Rafael,CA,USA,2005,S18_3259
10414,48,100.0,5808.48,Boston,MA,USA,2005,S18_3259
10135,45,78.0,3510.0,San Rafael,CA,USA,2003,S18_3278
10147,36,86.04,3097.44,Brickhaven,MA,USA,2003,S18_3278
10159,21,81.21,1705.41,San Francisco,CA,USA,2003,S18_3278
10169,32,70.76,2264.32,North Sydney,NSW,Australia,2003,S18_3278
10265,45,86.84,3907.8,Glen Waverly,Victoria,Australia,2004,S18_3278
10276,38,69.96,2658.48,Brickhaven,MA,USA,2004,S18_3278
10319,46,73.98,3403.08,NYC,NY,USA,2004,S18_3278
10329,38,59.1,2245.8,NYC,NY,USA,2004,S18_3278
10342,25,66.74,1668.5,Melbourne,Victoria,Australia,2004,S18_3278
10390,40,100.0,5491.6,San Rafael,CA,USA,2005,S18_3278
10111,39,100.0,4178.85,San Francisco,CA,USA,2003,S18_3320
10139,30,100.0,3095.4,Chatswood,NSW,Australia,2003,S18_3320
10149,42,94.25,3958.5,Brisbane,CA,USA,2003,S18_3320
10163,43,100.0,4991.44,NYC,NY,USA,2003,S18_3320
10182,33,86.31,2848.23,San Rafael,CA,USA,2003,S18_3320
10193,32,79.37,2539.84,Glen Waverly,Victoria,Australia,2003,S18_3320
10206,28,87.3,2444.4,Vancouver,BC,Canada,2003,S18_3320
10215,41,100.0,4555.92,Burbank,CA,USA,2004,S18_3320
10257,26,89.29,2321.54,San Jose,CA,USA,2004,S18_3320
10290,26,96.23,2501.98,Brickhaven,MA,USA,2004,S18_3320
10312,33,100.0,3535.95,San Rafael,CA,USA,2004,S18_3320
10333,46,100.0,11336.7,San Francisco,CA,USA,2004,S18_3320
10347,26,100.0,2656.94,Melbourne,Victoria,Australia,2004,S18_3320
10357,25,100.0,2604.25,San Rafael,CA,USA,2004,S18_3320
10369,45,73.08,3288.6,Brickhaven,MA,USA,2005,S18_3320
10382,50,100.0,8935.5,San Rafael,CA,USA,2005,S18_3320
10135,42,100.0,5432.7,San Rafael,CA,USA,2003,S18_3482
10147,37,100.0,4405.22,Brickhaven,MA,USA,2003,S18_3482
10159,25,100.0,3638.0,San Francisco,CA,USA,2003,S18_3482
10169,36,100.0,4444.92,North Sydney,NSW,Australia,2003,S18_3482
10265,49,100.0,8427.02,Glen Waverly,Victoria,Australia,2004,S18_3482
10276,30,100.0,3924.6,Brickhaven,MA,USA,2004,S18_3482
10342,55,100.0,6548.3,Melbourne,Victoria,Australia,2004,S18_3482
10390,50,100.0,7397.0,San Rafael,CA,USA,2005,S18_3482
10109,47,100.0,6241.6,Philadelphia,PA,USA,2003,S18_3685
10148,28,100.0,3639.44,North Sydney,NSW,Australia,2003,S18_3685
10172,48,100.0,5493.12,Bridgewater,CT,USA,2003,S18_3685
10192,45,100.0,5340.6,Nashua,NH,USA,2003,S18_3685
10204,35,100.0,5735.8,NYC,NY,USA,2003,S18_3685
10226,46,100.0,7343.9,San Diego,CA,USA,2004,S18_3685
10240,37,100.0,5959.22,Osaka,Osaka,Japan,2004,S18_3685
10278,31,100.0,4116.8,Las Vegas,NV,USA,2004,S18_3685
10321,28,100.0,4232.76,New Bedford,MA,USA,2004,S18_3685
10331,26,67.91,1765.66,Philadelphia,PA,USA,2004,S18_3685
10367,46,100.0,4808.38,Pasadena,CA,USA,2005,S18_3685
10135,45,50.36,2266.2,San Rafael,CA,USA,2003,S18_3782
10146,47,67.14,3155.58,Glendale,CT,USA,2003,S18_3782
10159,21,64.66,1357.86,San Francisco,CA,USA,2003,S18_3782
10169,38,68.39,2598.82,North Sydney,NSW,Australia,2003,S18_3782
10237,26,52.22,1357.72,NYC,NY,USA,2004,S18_3782
10264,48,54.71,2626.08,Boston,MA,USA,2004,S18_3782
10276,33,50.36,1661.88,Brickhaven,MA,USA,2004,S18_3782
10319,44,59.06,2598.64,NYC,NY,USA,2004,S18_3782
10342,26,55.95,1454.7,Melbourne,Victoria,Australia,2004,S18_3782
10390,36,100.0,5079.96,San Rafael,CA,USA,2005,S18_3782
10130,33,100.0,3423.75,Brickhaven,MA,USA,2003,S18_3856
10143,34,100.0,3455.76,New Bedford,MA,USA,2003,S18_3856
10209,20,100.0,2498.6,Los Angeles,CA,USA,2004,S18_3856
10222,45,85.75,3858.75,San Diego,CA,USA,2004,S18_3856
10249,46,100.0,5600.5,Cambridge,MA,USA,2004,S18_3856
10283,46,100.0,5795.54,Tsawassen,BC,Canada,2004,S18_3856
10307,48,86.81,4166.88,Philadelphia,PA,USA,2004,S18_3856
10316,47,86.81,4080.07,Cowes,Isle of Wight,UK,2004,S18_3856
10400,58,100.0,7307.42,San Jose,CA,USA,2005,S18_3856
10415,51,100.0,6209.25,Glen Waverly,Victoria,Australia,2005,S18_3856
10127,25,100.0,3447.0,NYC,NY,USA,2003,S18_4027
10142,24,100.0,3791.52,San Rafael,CA,USA,2003,S18_4027
10152,35,100.0,4524.1,South Brisbane,Queensland,Australia,2003,S18_4027
10185,39,100.0,5096.91,New Bedford,MA,USA,2003,S18_4027
10196,27,100.0,4537.08,New Haven,CT,USA,2003,S18_4027
10207,40,100.0,6146.8,Boston,MA,USA,2003,S18_4027
10272,25,100.0,3734.0,Allentown,PA,USA,2004,S18_4027
10282,31,100.0,4674.8,San Rafael,CA,USA,2004,S18_4027
10292,44,100.0,7140.76,NYC,NY,USA,2004,S18_4027
10324,49,100.0,5379.71,NYC,NY,USA,2004,S18_4027
10337,36,100.0,5679.36,NYC,NY,USA,2004,S18_4027
10349,34,100.0,4394.84,NYC,NY,USA,2004,S18_4027
10372,48,100.0,7031.52,Minato-ku,Tokyo,Japan,2005,S18_4027
10413,49,100.0,6896.75,Bridgewater,CT,USA,2005,S18_4027
10100,22,86.51,1903.22,Nashua,NH,USA,2003,S18_4409
10124,36,85.59,3081.24,Las Vegas,NV,USA,2003,S18_4409
10148,34,100.0,3598.22,North Sydney,NSW,Australia,2003,S18_4409
10162,39,100.0,3912.09,San Francisco,CA,USA,2003,S18_4409
10182,36,100.0,3942.72,San Rafael,CA,USA,2003,S18_4409
10193,24,97.55,2341.2,Glen Waverly,Victoria,Australia,2003,S18_4409
10204,29,85.59,2482.11,NYC,NY,USA,2003,S18_4409
10367,43,62.72,2696.96,Pasadena,CA,USA,2005,S18_4409
10407,6,90.19,541.14,San Jose,CA,USA,2005,S18_4409
10420,66,92.95,6134.7,Chatswood,NSW,Australia,2005,S18_4409
10142,24,70.22,1685.28,San Rafael,CA,USA,2003,S18_4522
10166,26,73.73,1916.98,New Bedford,MA,USA,2003,S18_4522
10185,47,77.24,3630.28,New Bedford,MA,USA,2003,S18_4522
10232,23,89.53,2059.19,Cowes,Isle of Wight,UK,2004,S18_4522
10248,42,75.48,3170.16,NYC,NY,USA,2004,S18_4522
10261,20,89.53,1790.6,Montreal,Quebec,Canada,2004,S18_4522
10283,34,100.0,3580.88,Tsawassen,BC,Canada,2004,S18_4522
10337,29,100.0,4498.19,NYC,NY,USA,2004,S18_4522
10372,41,86.89,3562.49,Minato-ku,Tokyo,Japan,2005,S18_4522
10396,45,100.0,4739.4,San Rafael,CA,USA,2005,S18_4522
10414,16,75.48,1207.68,Boston,MA,USA,2005,S18_4522
10140,40,100.0,4601.2,Burlingame,CA,USA,2003,S18_4600
10183,21,100.0,2441.04,Philadelphia,PA,USA,2003,S18_4600
10207,47,100.0,6658.02,Boston,MA,USA,2003,S18_4600
10229,41,100.0,4716.23,San Rafael,CA,USA,2004,S18_4600
10245,21,100.0,2390.22,New Haven,CT,USA,2004,S18_4600
10270,38,100.0,5383.08,Chatswood,NSW,Australia,2004,S18_4600
10281,25,99.29,2482.25,Allentown,PA,USA,2004,S18_4600
10305,22,99.29,2184.38,Cambridge,MA,USA,2004,S18_4600
10313,28,100.0,2881.76,Vancouver,BC,Canada,2004,S18_4600
10347,45,100.0,5884.65,Melbourne,Victoria,Australia,2004,S18_4600
10357,28,100.0,3559.64,San Rafael,CA,USA,2004,S18_4600
10370,29,57.53,1668.37,North Sydney,NSW,Australia,2005,S18_4600
10382,39,100.0,4890.6,San Rafael,CA,USA,2005,S18_4600
10411,46,100.0,5235.72,Montreal,Quebec,Canada,2005,S18_4600
10113,50,49.81,2490.5,San Rafael,CA,USA,2003,S18_4668
10140,29,43.27,1254.83,Burlingame,CA,USA,2003,S18_4668
10174,49,44.78,2194.22,South Brisbane,Queensland,Australia,2003,S18_4668
10183,40,49.3,1972.0,Philadelphia,PA,USA,2003,S18_4668
10206,21,53.33,1119.93,Vancouver,BC,Canada,2003,S18_4668
10215,46,45.28,2082.88,Burbank,CA,USA,2004,S18_4668
10229,39,40.25,1569.75,San Rafael,CA,USA,2004,S18_4668
10245,45,59.87,2694.15,New Haven,CT,USA,2004,S18_4668
10258,21,59.87,1257.27,Minato-ku,Tokyo,Japan,2004,S18_4668
10270,44,58.36,2567.84,Chatswood,NSW,Australia,2004,S18_4668
10281,44,59.87,2634.28,Allentown,PA,USA,2004,S18_4668
10312,39,56.85,2217.15,San Rafael,CA,USA,2004,S18_4668
10324,38,100.0,6832.02,NYC,NY,USA,2004,S18_4668
10333,24,79.86,1916.64,San Francisco,CA,USA,2004,S18_4668
10370,20,100.0,2730.0,North Sydney,NSW,Australia,2005,S18_4668
10382,39,100.0,7827.3,San Rafael,CA,USA,2005,S18_4668
10411,35,59.87,2095.45,Montreal,Quebec,Canada,2005,S18_4668
10135,31,100.0,4705.18,San Rafael,CA,USA,2003,S18_4721
10146,29,100.0,4444.54,Glendale,CT,USA,2003,S18_4721
10159,32,100.0,4618.88,San Francisco,CA,USA,2003,S18_4721
10169,33,100.0,4910.4,North Sydney,NSW,Australia,2003,S18_4721
10264,20,100.0,2410.6,Boston,MA,USA,2004,S18_4721
10276,48,100.0,5713.92,Brickhaven,MA,USA,2004,S18_4721
10319,45,100.0,7901.1,NYC,NY,USA,2004,S18_4721
10342,38,100.0,6276.46,Melbourne,Victoria,Australia,2004,S18_4721
10390,49,100.0,6862.94,San Rafael,CA,USA,2005,S18_4721
10124,23,57.73,1327.79,Las Vegas,NV,USA,2003,S18_4933
10148,29,81.25,2356.25,North Sydney,NSW,Australia,2003,S18_4933
10182,44,69.84,3072.96,San Rafael,CA,USA,2003,S18_4933
10193,25,76.26,1906.5,Glen Waverly,Victoria,Australia,2003,S18_4933
10204,45,76.26,3431.7,NYC,NY,USA,2003,S18_4933
10267,36,75.55,2719.8,NYC,NY,USA,2004,S18_4933
10367,44,85.25,3751.0,Pasadena,CA,USA,2005,S18_4933
10407,66,66.99,4421.34,San Jose,CA,USA,2005,S18_4933
10420,36,57.73,2078.28,Chatswood,NSW,Australia,2005,S18_4933
10124,22,77.9,1713.8,Las Vegas,NV,USA,2003,S24_1046
10148,25,60.26,1506.5,North Sydney,NSW,Australia,2003,S24_1046
10172,32,75.69,2422.08,Bridgewater,CT,USA,2003,S24_1046
10182,47,74.22,3488.34,San Rafael,CA,USA,2003,S24_1046
10192,37,69.82,2583.34,Nashua,NH,USA,2003,S24_1046
10204,20,62.47,1249.4,NYC,NY,USA,2003,S24_1046
10226,21,60.26,1265.46,San Diego,CA,USA,2004,S24_1046
10267,40,80.1,3204.0,NYC,NY,USA,2004,S24_1046
10321,30,70.55,2116.5,New Bedford,MA,USA,2004,S24_1046
10367,21,60.37,1267.77,Pasadena,CA,USA,2005,S24_1046
10407,26,76.43,1987.18,San Jose,CA,USA,2005,S24_1046
10420,60,64.67,3880.2,Chatswood,NSW,Australia,2005,S24_1046
10115,47,69.36,3259.92,NYC,NY,USA,2003,S24_1444
10127,20,60.69,1213.8,NYC,NY,USA,2003,S24_1444
10152,25,65.31,1632.75,South Brisbane,Queensland,Australia,2003,S24_1444
10195,44,66.47,2924.68,White Plains,NY,USA,2003,S24_1444
10207,49,46.82,2294.18,Boston,MA,USA,2003,S24_1444
10271,45,64.74,2913.3,San Rafael,CA,USA,2004,S24_1444
10282,29,46.82,1357.78,San Rafael,CA,USA,2004,S24_1444
10292,40,53.75,2150.0,NYC,NY,USA,2004,S24_1444
10305,45,61.85,2783.25,Cambridge,MA,USA,2004,S24_1444
10324,25,69.16,1729.0,NYC,NY,USA,2004,S24_1444
10349,48,47.4,2275.2,NYC,NY,USA,2004,S24_1444
10371,25,97.27,2431.75,San Rafael,CA,USA,2005,S24_1444
10107,25,100.0,2845.75,NYC,NY,USA,2003,S24_1578
10120,35,98.05,3431.75,Melbourne,Victoria,Australia,2003,S24_1578
10145,43,95.8,4119.4,Pasadena,CA,USA,2003,S24_1578
10159,44,100.0,5355.68,San Francisco,CA,USA,2003,S24_1578
10168,50,100.0,5747.5,Burlingame,CA,USA,2003,S24_1578
10201,39,100.0,4351.23,San Francisco,CA,USA,2003,S24_1578
10223,32,91.29,2921.28,Melbourne,Victoria,Australia,2004,S24_1578
10237,20,100.0,2299.0,NYC,NY,USA,2004,S24_1578
10251,26,100.0,2637.18,Newark,NJ,USA,2004,S24_1578
10263,42,100.0,4307.52,Bridgewater,CT,USA,2004,S24_1578
10285,34,100.0,3716.88,Cambridge,MA,USA,2004,S24_1578
10318,48,100.0,6437.28,Allentown,PA,USA,2004,S24_1578
10329,30,87.78,2633.4,NYC,NY,USA,2004,S24_1578
10339,27,84.39,2278.53,Minato-ku,Tokyo,Japan,2004,S24_1578
10362,50,96.92,4846.0,Burlingame,CA,USA,2005,S24_1578
10374,38,100.0,4197.1,South Brisbane,Queensland,Australia,2005,S24_1578
10148,47,56.85,2671.95,North Sydney,NSW,Australia,2003,S24_1628
10172,34,42.76,1453.84,Bridgewater,CT,USA,2003,S24_1628
10192,47,53.83,2530.01,Nashua,NH,USA,2003,S24_1628
10204,45,49.81,2241.45,NYC,NY,USA,2003,S24_1628
10226,36,43.27,1557.72,San Diego,CA,USA,2004,S24_1628
10278,35,45.28,1584.8,Las Vegas,NV,USA,2004,S24_1628
10321,48,42.26,2028.48,New Bedford,MA,USA,2004,S24_1628
10367,38,38.5,1463.0,Pasadena,CA,USA,2005,S24_1628
10407,64,40.25,2576.0,San Jose,CA,USA,2005,S24_1628
10420,37,60.37,2233.69,Chatswood,NSW,Australia,2005,S24_1628
10120,39,100.0,4651.53,Melbourne,Victoria,Australia,2003,S24_1785
10145,40,87.54,3501.6,Pasadena,CA,USA,2003,S24_1785
10168,49,100.0,6433.7,Burlingame,CA,USA,2003,S24_1785
10210,27,98.48,2658.96,Osaka,Osaka,Japan,2004,S24_1785
10223,34,100.0,3608.76,Melbourne,Victoria,Australia,2004,S24_1785
10235,23,96.29,2214.67,Tsawassen,BC,Canada,2004,S24_1785
10250,31,88.63,2747.53,San Jose,CA,USA,2004,S24_1785
10308,31,100.0,3493.7,White Plains,NY,USA,2004,S24_1785
10316,25,100.0,2872.25,Cowes,Isle of Wight,UK,2004,S24_1785
10339,21,50.65,1063.65,Minato-ku,Tokyo,Japan,2004,S24_1785
10353,28,71.73,2008.44,Glendale,CT,USA,2004,S24_1785
10374,46,94.1,4328.6,South Brisbane,Queensland,Australia,2005,S24_1785
10401,38,96.29,3659.02,Newark,NJ,USA,2005,S24_1785
10124,45,37.84,1702.8,Las Vegas,NV,USA,2003,S24_1937
10149,36,33.19,1194.84,Brisbane,CA,USA,2003,S24_1937
10162,37,27.22,1007.14,San Francisco,CA,USA,2003,S24_1937
10182,39,36.84,1436.76,San Rafael,CA,USA,2003,S24_1937
10193,26,29.21,759.46,Glen Waverly,Victoria,Australia,2003,S24_1937
10243,33,29.54,974.82,Boston,MA,USA,2004,S24_1937
10312,39,29.54,1152.06,San Rafael,CA,USA,2004,S24_1937
10322,20,100.0,2624.0,Nashua,NH,USA,2004,S24_1937
10367,23,36.29,834.67,Pasadena,CA,USA,2005,S24_1937
10391,33,100.0,8344.71,North Sydney,NSW,Australia,2005,S24_1937
10420,45,26.88,1209.6,Chatswood,NSW,Australia,2005,S24_1937
10107,38,83.03,3155.14,NYC,NY,USA,2003,S24_2000
10120,34,83.79,2848.86,Melbourne,Victoria,Australia,2003,S24_2000
10145,47,83.03,3902.41,Pasadena,CA,USA,2003,S24_2000
10168,29,75.41,2186.89,Burlingame,CA,USA,2003,S24_2000
10201,25,73.88,1847.0,San Francisco,CA,USA,2003,S24_2000
10210,30,61.7,1851.0,Osaka,Osaka,Japan,2004,S24_2000
10223,38,69.31,2633.78,Melbourne,Victoria,Australia,2004,S24_2000
10236,36,87.6,3153.6,Philadelphia,PA,USA,2004,S24_2000
10250,32,87.6,2803.2,San Jose,CA,USA,2004,S24_2000
10263,37,62.46,2311.02,Bridgewater,CT,USA,2004,S24_2000
10285,39,70.08,2733.12,Cambridge,MA,USA,2004,S24_2000
10308,47,63.22,2971.34,White Plains,NY,USA,2004,S24_2000
10318,26,86.83,2257.58,Allentown,PA,USA,2004,S24_2000
10329,37,94.43,3493.91,NYC,NY,USA,2004,S24_2000
10142,33,100.0,3366.0,San Rafael,CA,USA,2003,S24_2011
10185,30,100.0,3170.7,New Bedford,MA,USA,2003,S24_2011
10232,46,100.0,5652.94,Cowes,Isle of Wight,UK,2004,S24_2011
10248,48,100.0,6960.48,NYC,NY,USA,2004,S24_2011
10261,36,100.0,4512.6,Montreal,Quebec,Canada,2004,S24_2011
10283,42,100.0,5316.36,Tsawassen,BC,Canada,2004,S24_2011
10337,29,71.97,2087.13,NYC,NY,USA,2004,S24_2011
10372,37,100.0,3910.53,Minato-ku,Tokyo,Japan,2005,S24_2011
10384,28,80.54,2255.12,San Francisco,CA,USA,2005,S24_2011
10396,49,100.0,5720.75,San Rafael,CA,USA,2005,S24_2011
10414,23,100.0,3335.23,Boston,MA,USA,2005,S24_2011
10124,22,45.25,995.5,Las Vegas,NV,USA,2003,S24_2022
10149,49,49.28,2414.72,Brisbane,CA,USA,2003,S24_2022
10162,43,36.29,1560.47,San Francisco,CA,USA,2003,S24_2022
10182,31,36.74,1138.94,San Rafael,CA,USA,2003,S24_2022
10193,20,50.62,1012.4,Glen Waverly,Victoria,Australia,2003,S24_2022
10312,23,37.63,865.49,San Rafael,CA,USA,2004,S24_2022
10322,30,100.0,3500.1,Nashua,NH,USA,2004,S24_2022
10367,28,30.59,856.52,Pasadena,CA,USA,2005,S24_2022
10391,24,100.0,4042.08,North Sydney,NSW,Australia,2005,S24_2022
10421,40,45.7,1828.0,San Rafael,CA,USA,2005,S24_2022
10140,47,100.0,5105.14,Burlingame,CA,USA,2003,S24_2300
10207,46,100.0,6819.04,Boston,MA,USA,2003,S24_2300
10229,48,100.0,5704.32,San Rafael,CA,USA,2004,S24_2300
10271,43,100.0,5605.05,San Rafael,CA,USA,2004,S24_2300
10281,25,100.0,2779.5,Allentown,PA,USA,2004,S24_2300
10305,24,100.0,3189.6,Cambridge,MA,USA,2004,S24_2300
10313,42,100.0,5581.8,Vancouver,BC,Canada,2004,S24_2300
10324,31,100.0,3820.44,NYC,NY,USA,2004,S24_2300
10371,20,100.0,3449.4,San Rafael,CA,USA,2005,S24_2300
10382,20,100.0,2654.4,San Rafael,CA,USA,2005,S24_2300
10135,29,61.64,1787.56,San Rafael,CA,USA,2003,S24_2360
10145,27,60.95,1645.65,Pasadena,CA,USA,2003,S24_2360
10159,27,80.34,2169.18,San Francisco,CA,USA,2003,S24_2360
10169,38,74.11,2816.18,North Sydney,NSW,Australia,2003,S24_2360
10237,26,79.65,2070.9,NYC,NY,USA,2004,S24_2360
10264,37,65.1,2408.7,Boston,MA,USA,2004,S24_2360
10276,46,75.49,3472.54,Brickhaven,MA,USA,2004,S24_2360
10285,38,59.56,2263.28,Cambridge,MA,USA,2004,S24_2360
10319,31,81.73,2533.63,NYC,NY,USA,2004,S24_2360
10390,35,65.13,2279.55,San Rafael,CA,USA,2005,S24_2360
10124,32,72.7,2326.4,Las Vegas,NV,USA,2003,S24_2766
10148,21,73.6,1545.6,North Sydney,NSW,Australia,2003,S24_2766
10172,22,74.51,1639.22,Bridgewater,CT,USA,2003,S24_2766
10182,36,73.6,2649.6,San Rafael,CA,USA,2003,S24_2766
10192,46,83.6,3845.6,Nashua,NH,USA,2003,S24_2766
10204,47,96.32,4527.04,NYC,NY,USA,2003,S24_2766
10267,38,87.24,3315.12,NYC,NY,USA,2004,S24_2766
10321,30,72.7,2181.0,New Bedford,MA,USA,2004,S24_2766
10346,25,100.0,2876.75,Las Vegas,NV,USA,2004,S24_2766
10368,40,100.0,4107.2,San Rafael,CA,USA,2005,S24_2766
10407,76,94.5,7182.0,San Jose,CA,USA,2005,S24_2766
10420,39,100.0,3933.93,Chatswood,NSW,Australia,2005,S24_2766
10127,39,38.19,1489.41,NYC,NY,USA,2003,S24_2840
10195,32,28.29,905.28,White Plains,NY,USA,2003,S24_2840
10207,42,29.7,1247.4,Boston,MA,USA,2003,S24_2840
10219,21,40.31,846.51,Brisbane,CA,USA,2004,S24_2840
10229,33,32.88,1085.04,San Rafael,CA,USA,2004,S24_2840
10271,38,41.72,1585.36,San Rafael,CA,USA,2004,S24_2840
10281,20,40.66,813.2,Allentown,PA,USA,2004,S24_2840
10292,39,30.06,1172.34,NYC,NY,USA,2004,S24_2840
10305,48,31.47,1510.56,Cambridge,MA,USA,2004,S24_2840
10324,30,100.0,3338.1,NYC,NY,USA,2004,S24_2840
10335,33,37.13,1225.29,San Rafael,CA,USA,2004,S24_2840
10349,36,37.13,1336.68,NYC,NY,USA,2004,S24_2840
10371,45,100.0,5545.8,San Rafael,CA,USA,2005,S24_2840
10131,35,67.14,2349.9,Glendale,CT,USA,2003,S24_2841
10143,27,60.97,1646.19,New Bedford,MA,USA,2003,S24_2841
10209,43,82.21,3535.03,Los Angeles,CA,USA,2004,S24_2841
10222,32,81.53,2608.96,San Diego,CA,USA,2004,S24_2841
10249,20,67.82,1356.4,Cambridge,MA,USA,2004,S24_2841
10274,40,65.08,2603.2,Brickhaven,MA,USA,2004,S24_2841
10307,25,75.36,1884.0,Philadelphia,PA,USA,2004,S24_2841
10316,34,63.71,2166.14,Cowes,Isle of Wight,UK,2004,S24_2841
10339,55,100.0,6214.45,Minato-ku,Tokyo,Japan,2004,S24_2841
10400,24,61.66,1479.84,San Jose,CA,USA,2005,S24_2841
10415,21,67.82,1424.22,Glen Waverly,Victoria,Australia,2005,S24_2841
10124,25,93.95,2348.75,Las Vegas,NV,USA,2003,S24_2887
10148,34,100.0,4392.12,North Sydney,NSW,Australia,2003,S24_2887
10182,20,100.0,2395.8,San Rafael,CA,USA,2003,S24_2887
10192,23,100.0,3052.33,Nashua,NH,USA,2003,S24_2887
10204,42,100.0,4242.0,NYC,NY,USA,2003,S24_2887
10267,43,100.0,4645.72,NYC,NY,USA,2004,S24_2887
10346,24,87.24,2093.76,Las Vegas,NV,USA,2004,S24_2887
10368,31,100.0,4223.13,San Rafael,CA,USA,2005,S24_2887
10407,59,98.65,5820.35,San Jose,CA,USA,2005,S24_2887
10420,55,96.3,5296.5,Chatswood,NSW,Australia,2005,S24_2887
10109,29,32.1,930.9,Philadelphia,PA,USA,2003,S24_2972
10135,20,35.87,717.4,San Rafael,CA,USA,2003,S24_2972
10147,25,42.67,1066.75,Brickhaven,MA,USA,2003,S24_2972
10160,42,37.0,1554.0,Los Angeles,CA,USA,2003,S24_2972
10171,36,35.49,1277.64,Montreal,Quebec,Canada,2003,S24_2972
10192,30,30.59,917.7,Nashua,NH,USA,2003,S24_2972
10278,31,38.89,1205.59,Las Vegas,NV,USA,2004,S24_2972
10321,37,33.23,1229.51,New Bedford,MA,USA,2004,S24_2972
10331,27,42.24,1140.48,Philadelphia,PA,USA,2004,S24_2972
10342,39,40.4,1575.6,Melbourne,Victoria,Australia,2004,S24_2972
10367,36,100.0,5018.4,Pasadena,CA,USA,2005,S24_2972
10390,37,100.0,4894.73,San Rafael,CA,USA,2005,S24_2972
10142,49,98.25,4814.25,San Rafael,CA,USA,2003,S24_3151
10154,31,91.17,2826.27,Glendale,CA,USA,2003,S24_3151
10185,33,74.35,2453.55,New Bedford,MA,USA,2003,S24_3151
10222,47,70.81,3328.07,San Diego,CA,USA,2004,S24_3151
10233,40,94.71,3788.4,Newark,NJ,USA,2004,S24_3151
10248,30,100.0,3053.7,NYC,NY,USA,2004,S24_3151
10261,22,91.17,2005.74,Montreal,Quebec,Canada,2004,S24_3151
10283,34,92.94,3159.96,Tsawassen,BC,Canada,2004,S24_3151
10295,46,84.97,3908.62,Boston,MA,USA,2004,S24_3151
10339,55,100.0,10758.0,Minato-ku,Tokyo,Japan,2004,S24_3151
10384,43,97.87,4208.41,San Francisco,CA,USA,2005,S24_3151
10396,27,83.2,2246.4,San Rafael,CA,USA,2005,S24_3151
10414,60,100.0,6107.4,Boston,MA,USA,2005,S24_3151
10124,49,83.04,4068.96,Las Vegas,NV,USA,2003,S24_3191
10148,31,73.62,2282.22,North Sydney,NSW,Australia,2003,S24_3191
10172,24,81.33,1951.92,Bridgewater,CT,USA,2003,S24_3191
10182,33,94.17,3107.61,San Rafael,CA,USA,2003,S24_3191
10192,32,72.77,2328.64,Nashua,NH,USA,2003,S24_3191
10204,40,79.62,3184.8,NYC,NY,USA,2003,S24_3191
10267,44,96.74,4256.56,NYC,NY,USA,2004,S24_3191
10321,39,84.75,3305.25,New Bedford,MA,USA,2004,S24_3191
10346,24,100.0,3325.92,Las Vegas,NV,USA,2004,S24_3191
10368,46,79.62,3662.52,San Rafael,CA,USA,2005,S24_3191
10407,13,81.33,1057.29,San Jose,CA,USA,2005,S24_3191
10420,35,96.74,3385.9,Chatswood,NSW,Australia,2005,S24_3191
10135,27,66.13,1785.51,San Rafael,CA,USA,2003,S24_3371
10147,30,68.58,2057.4,Brickhaven,MA,USA,2003,S24_3371
10159,50,69.8,3490.0,San Francisco,CA,USA,2003,S24_3371
10169,34,50.21,1707.14,North Sydney,NSW,Australia,2003,S24_3371
10276,20,61.23,1224.6,Brickhaven,MA,USA,2004,S24_3371
10331,25,100.0,3078.5,Philadelphia,PA,USA,2004,S24_3371
10342,48,62.45,2997.6,Melbourne,Victoria,Australia,2004,S24_3371
10390,46,52.84,2430.64,San Rafael,CA,USA,2005,S24_3371
10131,29,59.18,1716.22,Glendale,CT,USA,2003,S24_3420
10143,33,77.59,2560.47,New Bedford,MA,USA,2003,S24_3420
10209,36,77.59,2793.24,Los Angeles,CA,USA,2004,S24_3420
10222,43,70.35,3025.05,San Diego,CA,USA,2004,S24_3420
10249,25,69.7,1742.5,Cambridge,MA,USA,2004,S24_3420
10274,24,72.33,1735.92,Brickhaven,MA,USA,2004,S24_3420
10307,22,71.67,1576.74,Philadelphia,PA,USA,2004,S24_3420
10316,47,76.93,3615.71,Cowes,Isle of Wight,UK,2004,S24_3420
10339,29,99.69,2891.01,Minato-ku,Tokyo,Japan,2004,S24_3420
10361,34,100.0,3871.92,Chatswood,NSW,Australia,2004,S24_3420
10400,38,57.2,2173.6,San Jose,CA,USA,2005,S24_3420
10415,18,69.7,1254.6,Glen Waverly,Victoria,Australia,2005,S24_3420
10124,43,100.0,5203.0,Las Vegas,NV,USA,2003,S24_3432
10148,27,100.0,3469.5,North Sydney,NSW,Australia,2003,S24_3432
10172,22,98.51,2167.22,Bridgewater,CT,USA,2003,S24_3432
10182,49,100.0,6244.07,San Rafael,CA,USA,2003,S24_3432
10192,46,100.0,5566.0,Nashua,NH,USA,2003,S24_3432
10204,48,91.02,4368.96,NYC,NY,USA,2003,S24_3432
10226,48,92.09,4420.32,San Diego,CA,USA,2004,S24_3432
10267,43,100.0,5110.98,NYC,NY,USA,2004,S24_3432
10321,21,89.95,1888.95,New Bedford,MA,USA,2004,S24_3432
10346,26,95.88,2492.88,Las Vegas,NV,USA,2004,S24_3432
10368,20,99.58,1991.6,San Rafael,CA,USA,2005,S24_3432
10407,43,86.73,3729.39,San Jose,CA,USA,2005,S24_3432
10420,26,100.0,2617.16,Chatswood,NSW,Australia,2005,S24_3432
10143,23,80.51,1851.73,New Bedford,MA,USA,2003,S24_3816
10209,22,89.73,1974.06,Los Angeles,CA,USA,2004,S24_3816
10222,46,80.51,3703.46,San Diego,CA,USA,2004,S24_3816
10248,23,76.31,1755.13,NYC,NY,USA,2004,S24_3816
10283,33,72.96,2407.68,Tsawassen,BC,Canada,2004,S24_3816
10307,22,91.41,2011.02,Philadelphia,PA,USA,2004,S24_3816
10316,25,92.25,2306.25,Cowes,Isle of Wight,UK,2004,S24_3816
10339,42,59.36,2493.12,Minato-ku,Tokyo,Japan,2004,S24_3816
10385,37,85.54,3164.98,San Rafael,CA,USA,2005,S24_3816
10396,37,90.57,3351.09,San Rafael,CA,USA,2005,S24_3816
10400,42,72.96,3064.32,San Jose,CA,USA,2005,S24_3816
10414,51,76.31,3891.81,Boston,MA,USA,2005,S24_3816
10135,47,100.0,6336.07,San Rafael,CA,USA,2003,S24_3856
10147,23,100.0,2906.97,Brickhaven,MA,USA,2003,S24_3856
10160,35,100.0,4767.7,Los Angeles,CA,USA,2003,S24_3856
10192,45,100.0,6319.35,Nashua,NH,USA,2003,S24_3856
10278,25,100.0,3159.75,Las Vegas,NV,USA,2004,S24_3856
10321,26,100.0,4052.88,New Bedford,MA,USA,2004,S24_3856
10331,21,100.0,3135.93,Philadelphia,PA,USA,2004,S24_3856
10342,42,100.0,5013.54,Melbourne,Victoria,Australia,2004,S24_3856
10390,45,100.0,6763.05,San Rafael,CA,USA,2005,S24_3856
10131,50,81.89,4094.5,Glendale,CT,USA,2003,S24_3949
10143,28,66.19,1853.32,New Bedford,MA,USA,2003,S24_3949
10168,27,73.02,1971.54,Burlingame,CA,USA,2003,S24_3949
10210,29,69.6,2018.4,Osaka,Osaka,Japan,2004,S24_3949
10222,48,56.64,2718.72,San Diego,CA,USA,2004,S24_3949
10235,33,60.05,1981.65,Tsawassen,BC,Canada,2004,S24_3949
10250,40,75.06,3002.4,San Jose,CA,USA,2004,S24_3949
10308,43,76.43,3286.49,White Plains,NY,USA,2004,S24_3949
10316,30,77.79,2333.7,Cowes,Isle of Wight,UK,2004,S24_3949
10339,45,96.92,4361.4,Minato-ku,Tokyo,Japan,2004,S24_3949
10361,26,100.0,3710.98,Chatswood,NSW,Australia,2004,S24_3949
10401,64,60.05,3843.2,Newark,NJ,USA,2005,S24_3949
10100,49,34.47,1689.03,Nashua,NH,USA,2003,S24_3969
10124,46,33.23,1528.58,Las Vegas,NV,USA,2003,S24_3969
10149,26,38.98,1013.48,Brisbane,CA,USA,2003,S24_3969
10162,37,38.98,1442.26,San Francisco,CA,USA,2003,S24_3969
10182,23,42.26,971.98,San Rafael,CA,USA,2003,S24_3969
10193,22,41.03,902.66,Glen Waverly,Victoria,Australia,2003,S24_3969
10204,39,33.23,1295.97,NYC,NY,USA,2003,S24_3969
10242,46,36.93,1698.78,NYC,NY,USA,2004,S24_3969
10312,31,35.29,1093.99,San Rafael,CA,USA,2004,S24_3969
10346,22,97.44,2143.68,Las Vegas,NV,USA,2004,S24_3969
10368,46,37.34,1717.64,San Rafael,CA,USA,2005,S24_3969
10408,15,36.93,553.95,Minato-ku,Tokyo,Japan,2005,S24_3969
10420,15,43.49,652.35,Chatswood,NSW,Australia,2005,S24_3969
10115,44,100.0,5568.64,NYC,NY,USA,2003,S24_4048
10127,20,96.99,1939.8,NYC,NY,USA,2003,S24_4048
10152,23,100.0,2802.09,South Brisbane,Queensland,Australia,2003,S24_4048
10195,34,100.0,3699.88,White Plains,NY,USA,2003,S24_4048
10207,28,100.0,2980.6,Boston,MA,USA,2003,S24_4048
10271,22,100.0,3070.54,San Rafael,CA,USA,2004,S24_4048
10282,39,100.0,4797.39,San Rafael,CA,USA,2004,S24_4048
10292,27,100.0,3832.38,NYC,NY,USA,2004,S24_4048
10305,36,100.0,4641.48,Cambridge,MA,USA,2004,S24_4048
10349,23,100.0,3182.97,NYC,NY,USA,2004,S24_4048
10371,28,50.32,1408.96,San Rafael,CA,USA,2005,S24_4048
10111,26,86.68,2253.68,San Francisco,CA,USA,2003,S24_4258
10139,29,100.0,3276.13,Chatswood,NSW,Australia,2003,S24_4258
10149,20,90.57,1811.4,Brisbane,CA,USA,2003,S24_4258
10163,42,91.55,3845.1,NYC,NY,USA,2003,S24_4258
10183,47,100.0,5035.11,Philadelphia,PA,USA,2003,S24_4258
10193,20,100.0,2279.0,Glen Waverly,Victoria,Australia,2003,S24_4258
10206,33,97.39,3213.87,Vancouver,BC,Canada,2003,S24_4258
10215,39,90.57,3532.23,Burbank,CA,USA,2004,S24_4258
10228,33,100.0,3406.59,Cambridge,MA,USA,2004,S24_4258
10257,46,78.89,3628.94,San Jose,CA,USA,2004,S24_4258
10290,45,100.0,5171.4,Brickhaven,MA,USA,2004,S24_4258
10312,44,100.0,4884.88,San Rafael,CA,USA,2004,S24_4258
10324,33,100.0,6267.69,NYC,NY,USA,2004,S24_4258
10333,39,100.0,4424.16,San Francisco,CA,USA,2004,S24_4258
10369,40,86.92,3476.8,Brickhaven,MA,USA,2005,S24_4258
10382,33,100.0,4592.61,San Rafael,CA,USA,2005,S24_4258
10120,29,85.49,2479.21,Melbourne,Victoria,Australia,2003,S24_4278
10145,33,84.77,2797.41,Pasadena,CA,USA,2003,S24_4278
10168,48,78.25,3756.0,Burlingame,CA,USA,2003,S24_4278
10210,40,71.0,2840.0,Osaka,Osaka,Japan,2004,S24_4278
10223,23,74.62,1716.26,Melbourne,Victoria,Australia,2004,S24_4278
10235,40,81.14,3245.6,Tsawassen,BC,Canada,2004,S24_4278
10250,37,74.62,2760.94,San Jose,CA,USA,2004,S24_4278
10263,24,75.35,1808.4,Bridgewater,CT,USA,2004,S24_4278
10308,44,83.32,3666.08,White Plains,NY,USA,2004,S24_4278
10317,35,83.32,2916.2,Burlingame,CA,USA,2004,S24_4278
10353,35,89.9,3146.5,Glendale,CT,USA,2004,S24_4278
10361,25,62.46,1561.5,Chatswood,NSW,Australia,2004,S24_4278
10401,52,81.14,4219.28,Newark,NJ,USA,2005,S24_4278
10135,23,87.31,2008.13,San Rafael,CA,USA,2003,S24_4620
10147,31,64.67,2004.77,Brickhaven,MA,USA,2003,S24_4620
10159,23,67.1,1543.3,San Francisco,CA,USA,2003,S24_4620
10169,24,94.58,2269.92,North Sydney,NSW,Australia,2003,S24_4620
10264,47,83.27,3913.69,Boston,MA,USA,2004,S24_4620
10276,48,75.18,3608.64,Brickhaven,MA,USA,2004,S24_4620
10319,43,85.69,3684.67,NYC,NY,USA,2004,S24_4620
10331,41,100.0,5715.4,Philadelphia,PA,USA,2004,S24_4620
10390,30,82.42,2472.6,San Rafael,CA,USA,2005,S24_4620
10140,26,100.0,2829.58,Burlingame,CA,USA,2003,S32_1268
10207,49,80.9,3964.1,Boston,MA,USA,2003,S32_1268
10229,25,100.0,2793.0,San Rafael,CA,USA,2004,S32_1268
10245,37,100.0,4133.64,New Haven,CT,USA,2004,S32_1268
10270,32,85.72,2743.04,Chatswood,NSW,Australia,2004,S32_1268
10281,29,82.83,2402.07,Allentown,PA,USA,2004,S32_1268
10305,28,100.0,3155.04,Cambridge,MA,USA,2004,S32_1268
10313,27,87.64,2366.28,Vancouver,BC,Canada,2004,S32_1268
10324,20,98.18,1963.6,NYC,NY,USA,2004,S32_1268
10335,44,100.0,4746.28,San Rafael,CA,USA,2004,S32_1268
10371,26,100.0,4044.04,San Rafael,CA,USA,2005,S32_1268
10382,26,100.0,2708.42,San Rafael,CA,USA,2005,S32_1268
10411,26,100.0,2904.72,Montreal,Quebec,Canada,2005,S32_1268
10107,20,92.9,1858.0,NYC,NY,USA,2003,S32_1374
10120,22,100.0,2461.36,Melbourne,Victoria,Australia,2003,S32_1374
10145,33,93.9,3098.7,Pasadena,CA,USA,2003,S32_1374
10168,28,100.0,3244.36,Burlingame,CA,USA,2003,S32_1374
10210,46,79.91,3675.86,Osaka,Osaka,Japan,2004,S32_1374
10223,21,100.0,2475.27,Melbourne,Victoria,Australia,2004,S32_1374
10235,41,100.0,4177.49,Tsawassen,BC,Canada,2004,S32_1374
10250,31,100.0,3282.28,San Jose,CA,USA,2004,S32_1374
10263,31,79.91,2477.21,Bridgewater,CT,USA,2004,S32_1374
10285,37,98.89,3658.93,Cambridge,MA,USA,2004,S32_1374
10308,24,79.91,1917.84,White Plains,NY,USA,2004,S32_1374
10318,47,100.0,5305.36,Allentown,PA,USA,2004,S32_1374
10329,45,63.91,2875.95,NYC,NY,USA,2004,S32_1374
10353,46,81.17,3733.82,Glendale,CT,USA,2004,S32_1374
10401,49,100.0,4992.61,Newark,NJ,USA,2005,S32_1374
10135,33,40.23,1327.59,San Rafael,CA,USA,2003,S32_2206
10145,31,35.8,1109.8,Pasadena,CA,USA,2003,S32_2206
10159,35,35.4,1239.0,San Francisco,CA,USA,2003,S32_2206
10169,26,39.83,1035.58,North Sydney,NSW,Australia,2003,S32_2206
10237,26,40.23,1045.98,NYC,NY,USA,2004,S32_2206
10264,20,32.59,651.8,Boston,MA,USA,2004,S32_2206
10276,27,36.61,988.47,Brickhaven,MA,USA,2004,S32_2206
10285,37,41.03,1518.11,Cambridge,MA,USA,2004,S32_2206
10319,29,38.22,1108.38,NYC,NY,USA,2004,S32_2206
10331,28,100.0,4102.56,Philadelphia,PA,USA,2004,S32_2206
10390,41,44.56,1826.96,San Rafael,CA,USA,2005,S32_2206
10127,45,51.95,2337.75,NYC,NY,USA,2003,S32_2509
10195,32,43.29,1385.28,White Plains,NY,USA,2003,S32_2509
10207,27,60.06,1621.62,Boston,MA,USA,2003,S32_2509
10219,35,55.19,1931.65,Brisbane,CA,USA,2004,S32_2509
10229,23,54.11,1244.53,San Rafael,CA,USA,2004,S32_2509
10271,35,47.62,1666.7,San Rafael,CA,USA,2004,S32_2509
10281,31,55.19,1710.89,Allentown,PA,USA,2004,S32_2509
10292,50,46.53,2326.5,NYC,NY,USA,2004,S32_2509
10305,40,57.9,2316.0,Cambridge,MA,USA,2004,S32_2509
10313,38,45.45,1727.1,Vancouver,BC,Canada,2004,S32_2509
10335,40,60.6,2424.0,San Rafael,CA,USA,2004,S32_2509
10349,33,46.53,1535.49,NYC,NY,USA,2004,S32_2509
10371,20,66.47,1329.4,San Rafael,CA,USA,2005,S32_2509
10127,29,70.84,2054.36,NYC,NY,USA,2003,S32_3207
10142,42,74.57,3131.94,San Rafael,CA,USA,2003,S32_3207
10152,33,50.95,1681.35,South Brisbane,Queensland,Australia,2003,S32_3207
10195,33,54.68,1804.44,White Plains,NY,USA,2003,S32_3207
10207,45,56.55,2544.75,Boston,MA,USA,2003,S32_3207
10272,45,64.63,2908.35,Allentown,PA,USA,2004,S32_3207
10282,36,59.65,2147.4,San Rafael,CA,USA,2004,S32_3207
10292,31,67.73,2099.63,NYC,NY,USA,2004,S32_3207
10371,30,99.55,2986.5,San Rafael,CA,USA,2005,S32_3207
10413,24,49.71,1193.04,Bridgewater,CT,USA,2005,S32_3207
10113,23,68.52,1575.96,San Rafael,CA,USA,2003,S32_3522
10140,28,60.76,1701.28,Burlingame,CA,USA,2003,S32_3522
10183,49,64.64,3167.36,Philadelphia,PA,USA,2003,S32_3522
10206,36,58.82,2117.52,Vancouver,BC,Canada,2003,S32_3522
10229,30,73.04,2191.2,San Rafael,CA,USA,2004,S32_3522
10245,44,69.16,3043.04,New Haven,CT,USA,2004,S32_3522
10258,20,61.41,1228.2,Minato-ku,Tokyo,Japan,2004,S32_3522
10270,21,63.35,1330.35,Chatswood,NSW,Australia,2004,S32_3522
10281,36,77.57,2792.52,Allentown,PA,USA,2004,S32_3522
10313,34,56.24,1912.16,Vancouver,BC,Canada,2004,S32_3522
10324,48,100.0,8209.44,NYC,NY,USA,2004,S32_3522
10333,33,73.69,2431.77,San Francisco,CA,USA,2004,S32_3522
10370,25,100.0,3160.25,North Sydney,NSW,Australia,2005,S32_3522
10382,48,100.0,6799.68,San Rafael,CA,USA,2005,S32_3522
10411,27,69.16,1867.32,Montreal,Quebec,Canada,2005,S32_3522
10120,29,72.23,2094.67,Melbourne,Victoria,Australia,2003,S32_4289
10168,31,73.61,2281.91,Burlingame,CA,USA,2003,S32_4289
10210,39,59.16,2307.24,Osaka,Osaka,Japan,2004,S32_4289
10223,20,66.04,1320.8,Melbourne,Victoria,Australia,2004,S32_4289
10235,34,77.73,2642.82,Tsawassen,BC,Canada,2004,S32_4289
10250,50,61.22,3061.0,San Jose,CA,USA,2004,S32_4289
10308,46,66.04,3037.84,White Plains,NY,USA,2004,S32_4289
10316,24,59.16,1419.84,Cowes,Isle of Wight,UK,2004,S32_4289
10353,40,44.51,1780.4,Glendale,CT,USA,2004,S32_4289
10361,49,72.33,3544.17,Chatswood,NSW,Australia,2004,S32_4289
10388,35,100.0,3918.95,New Bedford,MA,USA,2005,S32_4289
10401,62,77.73,4819.26,Newark,NJ,USA,2005,S32_4289
10135,30,89.8,2694.0,San Rafael,CA,USA,2003,S32_4485
10145,27,100.0,3251.34,Pasadena,CA,USA,2003,S32_4485
10159,23,100.0,2347.15,San Francisco,CA,USA,2003,S32_4485
10169,34,100.0,3920.88,North Sydney,NSW,Australia,2003,S32_4485
10237,27,100.0,3113.64,NYC,NY,USA,2004,S32_4485
10264,34,97.97,3330.98,Boston,MA,USA,2004,S32_4485
10276,38,100.0,4304.64,Brickhaven,MA,USA,2004,S32_4485
10285,26,100.0,2600.26,Cambridge,MA,USA,2004,S32_4485
10319,22,100.0,2626.8,NYC,NY,USA,2004,S32_4485
10331,32,100.0,5026.56,Philadelphia,PA,USA,2004,S32_4485
10365,22,100.0,3425.18,New Bedford,MA,USA,2005,S32_4485
10390,45,48.98,2204.1,San Rafael,CA,USA,2005,S32_4485
10120,49,50.62,2480.38,Melbourne,Victoria,Australia,2003,S50_1341
10143,34,36.66,1246.44,New Bedford,MA,USA,2003,S50_1341
10168,48,51.93,2492.64,Burlingame,CA,USA,2003,S50_1341
10199,29,38.4,1113.6,Burbank,CA,USA,2003,S50_1341
10210,43,41.02,1763.86,Osaka,Osaka,Japan,2004,S50_1341
10223,41,46.26,1896.66,Melbourne,Victoria,Australia,2004,S50_1341
10235,41,35.35,1449.35,Tsawassen,BC,Canada,2004,S50_1341
10250,36,51.93,1869.48,San Jose,CA,USA,2004,S50_1341
10308,47,43.64,2051.08,White Plains,NY,USA,2004,S50_1341
10316,34,47.57,1617.38,Cowes,Isle of Wight,UK,2004,S50_1341
10353,40,82.21,3288.4,Glendale,CT,USA,2004,S50_1341
10361,33,82.59,2725.47,Chatswood,NSW,Australia,2004,S50_1341
10388,27,100.0,3211.38,New Bedford,MA,USA,2005,S50_1341
10401,56,35.35,1979.6,Newark,NJ,USA,2005,S50_1341
10115,27,100.0,2843.91,NYC,NY,USA,2003,S50_1392
10127,46,100.0,6176.42,NYC,NY,USA,2003,S50_1392
10195,49,100.0,5161.17,White Plains,NY,USA,2003,S50_1392
10207,28,94.92,2657.76,Boston,MA,USA,2003,S50_1392
10271,34,98.39,3345.26,San Rafael,CA,USA,2004,S50_1392
10282,38,100.0,4310.72,San Rafael,CA,USA,2004,S50_1392
10292,41,100.0,4983.14,NYC,NY,USA,2004,S50_1392
10305,42,100.0,4618.32,Cambridge,MA,USA,2004,S50_1392
10371,48,56.55,2714.4,San Rafael,CA,USA,2005,S50_1392
10127,46,69.12,3179.52,NYC,NY,USA,2003,S50_1514
10142,42,49.79,2091.18,San Rafael,CA,USA,2003,S50_1514
10185,20,48.62,972.4,New Bedford,MA,USA,2003,S50_1514
10196,46,62.09,2856.14,New Haven,CT,USA,2003,S50_1514
10272,43,56.82,2443.26,Allentown,PA,USA,2004,S50_1514
10282,37,66.78,2470.86,San Rafael,CA,USA,2004,S50_1514
10292,35,55.07,1927.45,NYC,NY,USA,2004,S50_1514
10337,21,100.0,2296.77,NYC,NY,USA,2004,S50_1514
10372,24,58.58,1405.92,Minato-ku,Tokyo,Japan,2005,S50_1514
10413,51,63.85,3256.35,Bridgewater,CT,USA,2005,S50_1514
10135,44,96.0,4224.0,San Rafael,CA,USA,2003,S50_4713
10145,38,81.36,3091.68,Pasadena,CA,USA,2003,S50_4713
10159,31,71.6,2219.6,San Francisco,CA,USA,2003,S50_4713
10169,48,80.55,3866.4,North Sydney,NSW,Australia,2003,S50_4713
10237,20,68.34,1366.8,NYC,NY,USA,2004,S50_4713
10264,47,89.5,4206.5,Boston,MA,USA,2004,S50_4713
10276,21,70.78,1486.38,Brickhaven,MA,USA,2004,S50_4713
10285,39,78.92,3077.88,Cambridge,MA,USA,2004,S50_4713
10319,45,77.29,3478.05,NYC,NY,USA,2004,S50_4713
10331,20,100.0,3657.8,Philadelphia,PA,USA,2004,S50_4713
10365,44,100.0,4984.32,New Bedford,MA,USA,2005,S50_4713
10390,22,100.0,3491.18,San Rafael,CA,USA,2005,S50_4713
10142,41,64.0,2624.0,San Rafael,CA,USA,2003,S700_1138
10185,21,54.0,1134.0,New Bedford,MA,USA,2003,S700_1138
10222,31,62.67,1942.77,San Diego,CA,USA,2004,S700_1138
10233,36,70.67,2544.12,Newark,NJ,USA,2004,S700_1138
10248,36,71.34,2568.24,NYC,NY,USA,2004,S700_1138
10261,34,62.0,2108.0,Montreal,Quebec,Canada,2004,S700_1138
10283,45,78.67,3540.15,Tsawassen,BC,Canada,2004,S700_1138
10295,26,75.34,1958.84,Boston,MA,USA,2004,S700_1138
10339,22,100.0,2816.44,Minato-ku,Tokyo,Japan,2004,S700_1138
10385,25,77.34,1933.5,San Rafael,CA,USA,2005,S700_1138
10396,39,66.67,2600.13,San Rafael,CA,USA,2005,S700_1138
10414,37,71.34,2639.58,Boston,MA,USA,2005,S700_1138
10120,47,82.21,3863.87,Melbourne,Victoria,Australia,2003,S700_1691
10143,36,100.0,3945.96,New Bedford,MA,USA,2003,S700_1691
10168,28,98.65,2762.2,Burlingame,CA,USA,2003,S700_1691
10199,48,83.12,3989.76,Burbank,CA,USA,2003,S700_1691
10210,21,78.55,1649.55,Osaka,Osaka,Japan,2004,S700_1691
10223,25,100.0,2534.75,Melbourne,Victoria,Australia,2004,S700_1691
10235,25,100.0,2580.25,Tsawassen,BC,Canada,2004,S700_1691
10250,31,91.34,2831.54,San Jose,CA,USA,2004,S700_1691
10308,21,100.0,2224.95,White Plains,NY,USA,2004,S700_1691
10316,34,82.21,2795.14,Cowes,Isle of Wight,UK,2004,S700_1691
10353,39,100.0,5043.87,Glendale,CT,USA,2004,S700_1691
10361,20,60.54,1210.8,Chatswood,NSW,Australia,2004,S700_1691
10388,46,100.0,10066.6,New Bedford,MA,USA,2005,S700_1691
10401,11,100.0,1135.31,Newark,NJ,USA,2005,S700_1691
10142,43,84.01,3612.43,San Rafael,CA,USA,2003,S700_1938
10166,29,100.0,3013.97,New Bedford,MA,USA,2003,S700_1938
10185,30,94.4,2832.0,New Bedford,MA,USA,2003,S700_1938
10196,50,94.4,4720.0,New Haven,CT,USA,2003,S700_1938
10232,26,88.34,2296.84,Cowes,Isle of Wight,UK,2004,S700_1938
10248,40,100.0,4157.2,NYC,NY,USA,2004,S700_1938
10282,43,86.61,3724.23,San Rafael,CA,USA,2004,S700_1938
10337,36,70.3,2530.8,NYC,NY,USA,2004,S700_1938
10372,44,100.0,4496.8,Minato-ku,Tokyo,Japan,2005,S700_1938
10384,49,100.0,6397.44,San Francisco,CA,USA,2005,S700_1938
10414,34,100.0,3533.62,Boston,MA,USA,2005,S700_1938
10131,22,85.99,1891.78,Glendale,CT,USA,2003,S700_2047
10143,26,100.0,2612.48,New Bedford,MA,USA,2003,S700_2047
10209,33,88.71,2927.43,Los Angeles,CA,USA,2004,S700_2047
10222,26,100.0,2659.54,San Diego,CA,USA,2004,S700_2047
10249,40,95.95,3838.0,Cambridge,MA,USA,2004,S700_2047
10274,24,90.52,2172.48,Brickhaven,MA,USA,2004,S700_2047
10283,20,94.14,1882.8,Tsawassen,BC,Canada,2004,S700_2047
10307,34,97.76,3323.84,Philadelphia,PA,USA,2004,S700_2047
10316,45,93.24,4195.8,Cowes,Isle of Wight,UK,2004,S700_2047
10339,55,71.25,3918.75,Minato-ku,Tokyo,Japan,2004,S700_2047
10352,23,100.0,2352.67,Brickhaven,MA,USA,2004,S700_2047
10361,24,45.39,1089.36,Chatswood,NSW,Australia,2004,S700_2047
10400,46,87.8,4038.8,San Jose,CA,USA,2005,S700_2047
10415,32,95.95,3070.4,Glen Waverly,Victoria,Australia,2005,S700_2047
10120,24,100.0,2584.8,Melbourne,Victoria,Australia,2003,S700_2466
10131,40,100.0,4427.6,Glendale,CT,USA,2003,S700_2466
10143,26,82.77,2152.02,New Bedford,MA,USA,2003,S700_2466
10168,31,100.0,3431.39,Burlingame,CA,USA,2003,S700_2466
10210,26,99.72,2592.72,Osaka,Osaka,Japan,2004,S700_2466
10222,37,87.75,3246.75,San Diego,CA,USA,2004,S700_2466
10235,38,88.75,3372.5,Tsawassen,BC,Canada,2004,S700_2466
10250,35,100.0,3909.15,San Jose,CA,USA,2004,S700_2466
10308,35,88.75,3106.25,White Plains,NY,USA,2004,S700_2466
10316,23,100.0,2706.41,Cowes,Isle of Wight,UK,2004,S700_2466
10352,49,100.0,4935.28,Brickhaven,MA,USA,2004,S700_2466
10361,26,100.0,2754.7,Chatswood,NSW,Australia,2004,S700_2466
10401,85,88.75,7543.75,Newark,NJ,USA,2005,S700_2466
10143,31,85.29,2643.99,New Bedford,MA,USA,2003,S700_2610
10154,36,64.33,2315.88,Glendale,CA,USA,2003,S700_2610
10185,39,57.82,2254.98,New Bedford,MA,USA,2003,S700_2610
10222,36,80.95,2914.2,San Diego,CA,USA,2004,S700_2610
10233,29,82.4,2389.6,Newark,NJ,USA,2004,S700_2610
10248,32,75.89,2428.48,NYC,NY,USA,2004,S700_2610
10261,44,68.67,3021.48,Montreal,Quebec,Canada,2004,S700_2610
10283,47,65.77,3091.19,Tsawassen,BC,Canada,2004,S700_2610
10295,44,58.55,2576.2,Boston,MA,USA,2004,S700_2610
10316,48,74.45,3573.6,Cowes,Isle of Wight,UK,2004,S700_2610
10339,50,74.35,3717.5,Minato-ku,Tokyo,Japan,2004,S700_2610
10414,31,75.89,2352.59,Boston,MA,USA,2005,S700_2610
10140,36,100.0,4114.8,Burlingame,CA,USA,2003,S700_2824
10183,23,86.99,2000.77,Philadelphia,PA,USA,2003,S700_2824
10206,33,100.0,3871.89,Vancouver,BC,Canada,2003,S700_2824
10229,50,100.0,5614.0,San Rafael,CA,USA,2004,S700_2824
10245,44,100.0,4628.8,New Haven,CT,USA,2004,S700_2824
10258,45,80.92,3641.4,Minato-ku,Tokyo,Japan,2004,S700_2824
10270,46,88.0,4048.0,Chatswood,NSW,Australia,2004,S700_2824
10281,27,85.98,2321.46,Allentown,PA,USA,2004,S700_2824
10313,30,99.13,2973.9,Vancouver,BC,Canada,2004,S700_2824
10324,34,100.0,4248.3,NYC,NY,USA,2004,S700_2824
10371,34,100.0,4301.34,San Rafael,CA,USA,2005,S700_2824
10382,34,54.84,1864.56,San Rafael,CA,USA,2005,S700_2824
10411,34,100.0,3576.8,Montreal,Quebec,Canada,2005,S700_2824
10120,24,100.0,3417.12,Melbourne,Victoria,Australia,2003,S700_2834
10145,20,100.0,2752.6,Pasadena,CA,USA,2003,S700_2834
10168,36,100.0,4527.72,Burlingame,CA,USA,2003,S700_2834
10210,25,100.0,2818.0,Osaka,Osaka,Japan,2004,S700_2834
10223,29,100.0,3199.86,Melbourne,Victoria,Australia,2004,S700_2834
10235,25,96.11,2402.75,Tsawassen,BC,Canada,2004,S700_2834
10250,44,100.0,6055.72,San Jose,CA,USA,2004,S700_2834
10263,47,100.0,5465.16,Bridgewater,CT,USA,2004,S700_2834
10285,45,100.0,5392.8,Cambridge,MA,USA,2004,S700_2834
10308,31,100.0,4009.23,White Plains,NY,USA,2004,S700_2834
10318,50,100.0,7119.0,Allentown,PA,USA,2004,S700_2834
10353,48,68.8,3302.4,Glendale,CT,USA,2004,S700_2834
10361,44,72.42,3186.48,Chatswood,NSW,Australia,2004,S700_2834
10388,50,100.0,7154.5,New Bedford,MA,USA,2005,S700_2834
10401,21,96.11,2018.31,Newark,NJ,USA,2005,S700_2834
10120,43,76.0,3268.0,Melbourne,Victoria,Australia,2003,S700_3167
10143,28,96.0,2688.0,New Bedford,MA,USA,2003,S700_3167
10168,48,96.0,4608.0,Burlingame,CA,USA,2003,S700_3167
10199,38,82.4,3131.2,Burbank,CA,USA,2003,S700_3167
10210,31,86.4,2678.4,Osaka,Osaka,Japan,2004,S700_3167
10223,26,67.2,1747.2,Melbourne,Victoria,Australia,2004,S700_3167
10235,32,92.0,2944.0,Tsawassen,BC,Canada,2004,S700_3167
10250,44,67.2,2956.8,San Jose,CA,USA,2004,S700_3167
10308,21,87.2,1831.2,White Plains,NY,USA,2004,S700_3167
10316,48,75.2,3609.6,Cowes,Isle of Wight,UK,2004,S700_3167
10353,43,81.95,3523.85,Glendale,CT,USA,2004,S700_3167
10361,44,100.0,5001.92,Chatswood,NSW,Australia,2004,S700_3167
10401,77,92.0,7084.0,Newark,NJ,USA,2005,S700_3167
10142,21,100.0,2334.99,San Rafael,CA,USA,2003,S700_3505
10185,37,100.0,3891.66,New Bedford,MA,USA,2003,S700_3505
10222,38,100.0,4187.22,San Diego,CA,USA,2004,S700_3505
10232,48,96.16,4615.68,Cowes,Isle of Wight,UK,2004,S700_3505
10248,30,100.0,3245.4,NYC,NY,USA,2004,S700_3505
10261,25,88.15,2203.75,Montreal,Quebec,Canada,2004,S700_3505
10283,22,88.15,1939.3,Tsawassen,BC,Canada,2004,S700_3505
10295,34,100.0,3473.78,Boston,MA,USA,2004,S700_3505
10337,31,89.38,2770.78,NYC,NY,USA,2004,S700_3505
10414,28,100.0,3029.04,Boston,MA,USA,2005,S700_3505
10142,38,85.41,3245.58,San Rafael,CA,USA,2003,S700_3962
10185,22,79.45,1747.9,New Bedford,MA,USA,2003,S700_3962
10222,31,95.34,2955.54,San Diego,CA,USA,2004,S700_3962
10232,35,82.43,2885.05,Cowes,Isle of Wight,UK,2004,S700_3962
10248,35,90.37,3162.95,NYC,NY,USA,2004,S700_3962
10261,50,81.43,4071.5,Montreal,Quebec,Canada,2004,S700_3962
10283,38,89.38,3396.44,Tsawassen,BC,Canada,2004,S700_3962
10294,45,100.0,4692.6,Brickhaven,MA,USA,2004,S700_3962
10337,36,71.89,2588.04,NYC,NY,USA,2004,S700_3962
10414,27,90.37,2439.99,Boston,MA,USA,2005,S700_3962
10131,26,85.13,2213.38,Glendale,CT,USA,2003,S700_4002
10143,34,85.87,2919.58,New Bedford,MA,USA,2003,S700_4002
10168,39,82.91,3233.49,Burlingame,CA,USA,2003,S700_4002
10210,42,70.33,2953.86,Osaka,Osaka,Japan,2004,S700_4002
10222,43,74.03,3183.29,San Diego,CA,USA,2004,S700_4002
10235,34,72.55,2466.7,Tsawassen,BC,Canada,2004,S700_4002
10250,38,62.19,2363.22,San Jose,CA,USA,2004,S700_4002
10308,39,68.11,2656.29,White Plains,NY,USA,2004,S700_4002
10316,44,62.19,2736.36,Cowes,Isle of Wight,UK,2004,S700_4002
10339,50,57.86,2893.0,Minato-ku,Tokyo,Japan,2004,S700_4002
10352,22,75.51,1661.22,Brickhaven,MA,USA,2004,S700_4002
10361,35,100.0,4277.35,Chatswood,NSW,Australia,2004,S700_4002
10401,28,72.55,2031.4,Newark,NJ,USA,2005,S700_4002
10131,21,41.71,875.91,Glendale,CT,USA,2003,S72_1253
10143,37,50.65,1874.05,New Bedford,MA,USA,2003,S72_1253
10209,48,44.69,2145.12,Los Angeles,CA,USA,2004,S72_1253
10222,31,45.69,1416.39,San Diego,CA,USA,2004,S72_1253
10249,32,57.61,1843.52,Cambridge,MA,USA,2004,S72_1253
10274,32,58.6,1875.2,Brickhaven,MA,USA,2004,S72_1253
10283,43,57.61,2477.23,Tsawassen,BC,Canada,2004,S72_1253
10307,34,53.63,1823.42,Philadelphia,PA,USA,2004,S72_1253
10316,34,43.7,1485.8,Cowes,Isle of Wight,UK,2004,S72_1253
10329,44,86.13,3789.72,NYC,NY,USA,2004,S72_1253
10339,27,76.31,2060.37,Minato-ku,Tokyo,Japan,2004,S72_1253
10352,49,52.64,2579.36,Brickhaven,MA,USA,2004,S72_1253
10361,23,95.2,2189.6,Chatswood,NSW,Australia,2004,S72_1253
10400,20,56.12,1122.4,San Jose,CA,USA,2005,S72_1253
10415,42,57.61,2419.62,Glen Waverly,Victoria,Australia,2005,S72_1253
10142,39,44.23,1724.97,San Rafael,CA,USA,2003,S72_3212
10185,28,64.43,1804.04,New Bedford,MA,USA,2003,S72_3212
10222,36,63.34,2280.24,San Diego,CA,USA,2004,S72_3212
10232,24,49.69,1192.56,Cowes,Isle of Wight,UK,2004,S72_3212
10248,23,65.52,1506.96,NYC,NY,USA,2004,S72_3212
10261,29,50.78,1472.62,Montreal,Quebec,Canada,2004,S72_3212
10283,33,51.32,1693.56,Tsawassen,BC,Canada,2004,S72_3212
10337,42,97.16,4080.72,NYC,NY,USA,2004,S72_3212
10414,47,65.52,3079.44,Boston,MA,USA,2005,S72_3212
